cod_ibge,pib_total_mil
1100015,734467.0
1100023,3211294.0
1100031,238414.0
1100049,2792506.0
1100056,743062.0
1100064,424846.0
1100072,396740.0
1100080,316672.0
1100098,773372.0
1100106,1054255.0
1100114,1764718.0
1100122,4230355.0
1100130,890319.0
1100148,549853.0
1100155,986046.0
1100189,1642621.0
1100205,20056138.0
1100254,560210.0
1100262,184428.0
1100288,1565241.0
1100296,213590.0
1100304,4215442.0
1100320,905341.0
1100338,742686.0
1100346,352630.0
1100379,483672.0
1100403,510740.0
1100452,966556.0
1100502,231501.0
1100601,275338.0
1100700,369127.0
1100809,655569.0
1100908,99627.0
1100924,468793.0
1100940,487756.0
1101005,239331.0
1101104,209927.0
1101203,297876.0
1101302,262627.0
1101401,389781.0
1101435,157321.0
1101450,155430.0
1101468,246209.0
1101476,107030.0
1101484,130675.0
1101492,488141.0
1101500,332986.0
1101559,121304.0
1101609,257436.0
1101708,273505.0
1101757,220948.0
1101807,185648.0
1200013,398725.0
1200054,133916.0
1200104,685636.0
1200138,300830.0
1200179,512353.0
1200203,2058630.0
1200252,644542.0
1200302,567040.0
1200328,113975.0
1200336,269205.0
1200344,184904.0
1200351,256865.0
1200385,601471.0
1200393,160535.0
1200401,10955675.0
1200427,255649.0
1200435,108545.0
1200450,779672.0
1200500,748094.0
1200609,711884.0
1200708,454981.0
1200807,471315.0
1300029,217333.0
1300060,118872.0
1300086,138599.0
1300102,248435.0
1300144,297810.0
1300201,184947.0
1300300,506341.0
1300409,245622.0
1300508,344890.0
1300607,388781.0
1300631,211871.0
1300680,182412.0
1300706,512796.0
1300805,402131.0
1300839,177894.0
1300904,154316.0
1301001,370663.0
1301100,395194.0
1301159,413374.0
1301209,3380325.0
1301308,531995.0
1301407,568036.0
1301506,215527.0
1301605,222773.0
1301654,177320.0
1301704,860168.0
1301803,216519.0
1301852,1001862.0
1301902,2350463.0
1301951,135620.0
1302009,152509.0
1302108,85809.0
1302207,138074.0
1302306,266377.0
1302405,625198.0
1302504,1544675.0
1302553,311335.0
1302603,103281400.0
1302702,686279.0
1302801,176217.0
1302900,595826.0
1303007,207005.0
1303106,341652.0
1303205,186533.0
1303304,252422.0
1303403,1426972.0
1303502,199541.0
1303536,1031905.0
1303569,407146.0
1303601,185817.0
1303700,237314.0
1303809,423055.0
1303908,334131.0
1303957,136609.0
1304005,175042.0
1304062,758035.0
1304104,239944.0
1304203,1098392.0
1304237,185410.0
1304260,229209.0
1304302,205656.0
1304401,232661.0
1400027,240826.0
1400050,385507.0
1400100,13493364.0
1400159,522405.0
1400175,353071.0
1400209,453298.0
1400233,236788.0
1400282,208477.0
1400308,393852.0
1400407,202859.0
1400456,329092.0
1400472,732356.0
1400506,327768.0
1400605,178972.0
1400704,143945.0
1500107,1947974.0
1500131,105404.0
1500206,1432521.0
1500305,443759.0
1500347,642853.0
1500404,744811.0
1500503,687773.0
1500602,3118777.0
1500701,258574.0
1500800,8937579.0
1500859,587647.0
1500909,363265.0
1500958,308260.0
1501006,151776.0
1501105,250290.0
1501204,561719.0
1501253,128925.0
1501303,9242378.0
1501402,33567695.0
1501451,236958.0
1501501,1986152.0
1501576,243654.0
1501600,206570.0
1501709,1388411.0
1501725,379575.0
1501758,114974.0
1501782,793768.0
1501808,892630.0
1501907,536456.0
1501956,227354.0
1502004,255901.0
1502103,1392449.0
1502152,34987915.0
1502202,1426639.0
1502301,615256.0
1502400,4707381.0
1502509,247974.0
1502608,100826.0
1502707,662415.0
1502756,419795.0
1502764,406772.0
1502772,3666991.0
1502806,282042.0
1502855,149514.0
1502905,369391.0
1502939,940080.0
1502954,555637.0
1503002,76574.0
1503044,602377.0
1503077,275694.0
1503093,506230.0
1503101,333716.0
1503200,415581.0
1503309,690510.0
1503408,174530.0
1503457,624646.0
1503507,277699.0
1503606,3077344.0
1503705,841410.0
1503754,625353.0
1503804,615189.0
1503903,1450846.0
1504000,502725.0
1504059,339947.0
1504109,98319.0
1504208,13519525.0
1504307,289582.0
1504406,263294.0
1504422,2577121.0
1504455,1023645.0
1504505,216421.0
1504604,451566.0
1504703,1333107.0
1504752,288393.0
1504802,806682.0
1504901,338390.0
1504950,350593.0
1504976,192412.0
1505007,147341.0
1505031,971105.0
1505064,1116164.0
1505106,965319.0
1505205,418634.0
1505304,2277390.0
1505403,200487.0
1505437,1301994.0
1505486,867036.0
1505494,98673.0
1505502,4279105.0
1505536,49756255.0
1505551,114746.0
1505601,72240.0
1505635,292566.0
1505650,322977.0
1505700,274903.0
1505809,944900.0
1505908,404115.0
1506005,437647.0
1506104,321570.0
1506112,120746.0
1506138,2551566.0
1506161,601635.0
1506187,733550.0
1506195,496483.0
1506203,641473.0
1506302,210115.0
1506351,240288.0
1506401,95936.0
1506500,934543.0
1506559,195899.0
1506583,1071990.0
1506609,371437.0
1506708,1381466.0
1506807,6387634.0
1506906,59961.0
1507003,475226.0
1507102,182987.0
1507151,358711.0
1507201,438000.0
1507300,2008369.0
1507409,264186.0
1507458,710322.0
1507466,57326.0
1507474,181939.0
1507508,186695.0
1507607,792510.0
1507706,244688.0
1507755,141045.0
1507805,246022.0
1507904,241545.0
1507953,1291017.0
1507961,82919.0
1507979,519258.0
1508001,1039721.0
1508035,285004.0
1508050,327330.0
1508084,984036.0
1508100,5612935.0
1508126,1995463.0
1508159,774004.0
1508209,476447.0
1508308,617944.0
1508357,4230225.0
1508407,1604337.0
1600055,92139.0
1600105,159528.0
1600154,453333.0
1600204,186852.0
1600212,94992.0
1600238,578737.0
1600253,87878.0
1600279,1134544.0
1600303,12938091.0
1600402,374987.0
1600501,529043.0
1600535,374265.0
1600550,84579.0
1600600,2512916.0
1600709,261070.0
1600808,236897.0
1700251,112135.0
1700301,165480.0
1700350,616571.0
1700400,273741.0
1700707,474111.0
1701002,159769.0
1701051,48276.0
1701101,255912.0
1701309,98441.0
1701903,240246.0
1702000,349050.0
1702109,5239050.0
1702158,101858.0
1702208,529290.0
1702307,324523.0
1702406,223310.0
1702554,305118.0
1702703,58806.0
1702901,141092.0
1703008,158741.0
1703057,178654.0
1703073,113260.0
1703107,122016.0
1703206,102684.0
1703305,139410.0
1703602,75634.0
1703701,272945.0
1703800,161641.0
1703826,58547.0
1703842,1004931.0
1703867,517715.0
1703883,69222.0
1703891,50561.0
1703909,389493.0
1704105,64557.0
1704600,39824.0
1705102,148973.0
1705508,862139.0
1705557,76524.0
1705607,67829.0
1706001,203473.0
1706100,177294.0
1706258,78645.0
1706506,241932.0
1707009,644829.0
1707108,249235.0
1707207,216149.0
1707306,204765.0
1707405,118724.0
1707553,89100.0
1707652,256752.0
1707702,129323.0
1708205,1414038.0
1708254,232898.0
1708304,193502.0
1709005,230924.0
1709302,880403.0
1709500,2648420.0
1709807,47772.0
1710508,186260.0
1710706,82611.0
1710904,171522.0
1711100,69980.0
1711506,97865.0
1711803,44395.0
1711902,998445.0
1711951,89429.0
1712009,64405.0
1712157,37870.0
1712405,66332.0
1712454,71180.0
1712504,252331.0
1712702,252360.0
1712801,55911.0
1713205,642003.0
1713304,390325.0
1713601,296288.0
1713700,75004.0
1713809,95357.0
1713957,69465.0
1714203,247340.0
1714302,58139.0
1714880,320311.0
1715002,100915.0
1715101,84723.0
1715150,35521.0
1715259,42672.0
1715507,29469.0
1715705,185349.0
1715754,170118.0
1716109,1513693.0
1716208,315397.0
1716307,91169.0
1716505,848671.0
1716604,733929.0
1716653,107606.0
1716703,182796.0
1717008,85006.0
1717206,89940.0
1717503,361915.0
1717800,66158.0
1717909,121170.0
1718006,47043.0
1718204,3649421.0
1718303,93139.0
1718402,65165.0
1718451,82663.0
1718501,91480.0
1718550,68536.0
1718659,29142.0
1718709,85928.0
1718758,111443.0
1718808,145863.0
1718840,116736.0
1718865,175927.0
1718881,139630.0
1718899,180273.0
1718907,307685.0
1719004,48098.0
1720002,41931.0
1720101,73590.0
1720150,36541.0
1720200,255814.0
1720259,49467.0
1720309,61804.0
1720499,156734.0
1720655,240329.0
1720804,132862.0
1720853,532374.0
1720903,318253.0
1720937,35246.0
1720978,146708.0
1721000,10333419.0
1721109,191373.0
1721208,372642.0
1721257,118839.0
1721307,38619.0
1722081,183424.0
1722107,471020.0
2100055,3828533.0
2100105,85052.0
2100154,101642.0
2100204,148763.0
2100303,249396.0
2100402,71512.0
2100436,303118.0
2100477,251719.0
2100501,578961.0
2100550,70198.0
2100600,388636.0
2100709,207606.0
2100808,149102.0
2100832,133946.0
2100873,101728.0
2100907,282769.0
2100956,290315.0
2101004,313251.0
2101103,97422.0
2101202,1514560.0
2101251,599285.0
2101301,122872.0
2101350,39590.0
2101400,6307425.0
2101509,268538.0
2101608,889190.0
2101707,635711.0
2101731,60711.0
2101772,107543.0
2101806,73150.0
2101905,138114.0
2101939,105114.0
2101970,67540.0
2102002,411352.0
2102036,375665.0
2102077,117960.0
2102101,328633.0
2102150,71065.0
2102200,277919.0
2102309,238673.0
2102325,748028.0
2102358,122474.0
2102374,60974.0
2102408,70653.0
2102507,128078.0
2102556,214011.0
2102606,146788.0
2102705,153398.0
2102754,283976.0
2102804,525893.0
2102903,201999.0
2103000,2112638.0
2103109,78583.0
2103125,58347.0
2103158,103737.0
2103174,200757.0
2103208,894366.0
2103257,183560.0
2103307,1648585.0
2103406,465859.0
2103505,553171.0
2103554,147189.0
2103604,533579.0
2103703,264536.0
2103752,190193.0
2103802,262555.0
2103901,86904.0
2104008,158978.0
2104057,1134821.0
2104073,118004.0
2104081,100418.0
2104099,202149.0
2104107,346695.0
2104206,143297.0
2104305,2658688.0
2104404,150061.0
2104503,91904.0
2104552,374988.0
2104602,118426.0
2104628,71080.0
2104651,84172.0
2104677,257972.0
2104701,54153.0
2104800,1149733.0
2104909,93393.0
2105005,184363.0
2105104,178923.0
2105153,370653.0
2105203,117728.0
2105302,7692904.0
2105351,107285.0
2105401,772830.0
2105427,489226.0
2105450,75689.0
2105476,125733.0
2105500,270611.0
2105609,116543.0
2105658,61701.0
2105708,550404.0
2105807,86638.0
2105906,135733.0
2105922,97006.0
2105948,83983.0
2105963,102432.0
2105989,101467.0
2106003,274539.0
2106102,413263.0
2106201,57337.0
2106300,140962.0
2106326,208574.0
2106359,90804.0
2106375,120910.0
2106409,179196.0
2106508,196744.0
2106607,256347.0
2106631,99315.0
2106672,64341.0
2106706,277811.0
2106755,788580.0
2106805,112050.0
2106904,257635.0
2107001,86487.0
2107100,149899.0
2107209,88513.0
2107258,86427.0
2107308,50966.0
2107357,183142.0
2107407,188363.0
2107456,107282.0
2107506,1240349.0
2107605,139099.0
2107704,183353.0
2107803,322943.0
2107902,200088.0
2108009,309499.0
2108058,118326.0
2108108,194140.0
2108207,787660.0
2108256,157863.0
2108306,253736.0
2108405,95936.0
2108454,230427.0
2108504,296184.0
2108603,1039933.0
2108702,191327.0
2108801,130764.0
2108900,163076.0
2109007,1026076.0
2109056,45856.0
2109106,755699.0
2109205,84479.0
2109239,60682.0
2109270,164968.0
2109304,76166.0
2109403,89083.0
2109452,286153.0
2109502,673197.0
2109551,124192.0
2109601,443176.0
2109700,474703.0
2109759,60203.0
2109809,357951.0
2109908,1465933.0
2110005,743420.0
2110039,253332.0
2110104,218445.0
2110203,354631.0
2110237,74090.0
2110278,95932.0
2110302,3055535.0
2110401,143437.0
2110500,312160.0
2110609,281177.0
2110658,320522.0
2110708,355916.0
2110807,86158.0
2110856,121253.0
2110906,98973.0
2111003,135595.0
2111029,123006.0
2111052,151458.0
2111078,156360.0
2111102,340970.0
2111201,2293735.0
2111250,61940.0
2111300,36533730.0
2111409,170048.0
2111508,429232.0
2111532,127603.0
2111573,83541.0
2111607,739621.0
2111631,43955.0
2111672,45766.0
2111706,145752.0
2111722,93076.0
2111748,101830.0
2111763,187130.0
2111789,72441.0
2111805,221499.0
2111904,126217.0
2111953,47999.0
2112001,2351422.0
2112100,196337.0
2112209,2320671.0
2112233,525500.0
2112274,60049.0
2112308,365192.0
2112407,295916.0
2112456,223067.0
2112506,546155.0
2112605,247485.0
2112704,433473.0
2112803,501710.0
2112852,156914.0
2112902,318163.0
2113009,325509.0
2114007,567070.0
2200053,73623.0
2200103,47283.0
2200202,244027.0
2200251,65442.0
2200277,48184.0
2200301,130958.0
2200400,538140.0
2200459,82125.0
2200509,192594.0
2200608,66749.0
2200707,98552.0
2200806,140157.0
2200905,57305.0
2200954,24630.0
2201002,48922.0
2201051,64266.0
2201101,97602.0
2201150,1768705.0
2201176,38963.0
2201200,497742.0
2201309,163172.0
2201408,90192.0
2201507,250807.0
2201556,46876.0
2201572,41264.0
2201606,91898.0
2201705,72471.0
2201739,62570.0
2201770,62507.0
2201804,47772.0
2201903,1411005.0
2201919,70166.0
2201929,52945.0
2201945,51725.0
2201960,69325.0
2201988,43979.0
2202000,214793.0
2202026,69690.0
2202059,86140.0
2202075,34182.0
2202083,115379.0
2202091,195079.0
2202109,57498.0
2202117,51328.0
2202133,62139.0
2202174,56554.0
2202208,706324.0
2202251,41948.0
2202307,271402.0
2202406,106411.0
2202455,43672.0
2202505,97485.0
2202539,57437.0
2202554,50032.0
2202604,202304.0
2202653,53144.0
2202703,272775.0
2202711,46961.0
2202729,56962.0
2202737,37708.0
2202752,70560.0
2202778,68111.0
2202802,60446.0
2202851,40770.0
2202901,680737.0
2203008,75069.0
2203107,121468.0
2203206,140861.0
2203230,409013.0
2203255,39660.0
2203271,78414.0
2203305,215834.0
2203354,67493.0
2203404,78053.0
2203420,46532.0
2203453,164347.0
2203503,164745.0
2203602,55592.0
2203701,456615.0
2203750,46774.0
2203800,48120.0
2203859,25258.0
2203909,1375704.0
2204006,44797.0
2204105,46763.0
2204154,30662.0
2204204,83053.0
2204303,124838.0
2204352,59302.0
2204402,416900.0
2204501,637210.0
2204550,45099.0
2204600,34066.0
2204659,119727.0
2204709,163649.0
2204808,82428.0
2204907,80798.0
2205003,108203.0
2205102,131859.0
2205151,69073.0
2205201,191773.0
2205250,39633.0
2205276,58752.0
2205300,63533.0
2205359,69289.0
2205409,118898.0
2205458,46226.0
2205508,390737.0
2205516,55948.0
2205524,78729.0
2205532,43566.0
2205540,40519.0
2205557,77320.0
2205565,537525.0
2205573,54980.0
2205581,74653.0
2205599,48595.0
2205607,109799.0
2205706,378632.0
2205805,241246.0
2205854,75141.0
2205904,54807.0
2205953,198363.0
2206001,54884.0
2206050,52130.0
2206100,95557.0
2206209,312836.0
2206308,23618.0
2206357,53563.0
2206407,127395.0
2206506,72882.0
2206605,298089.0
2206654,39149.0
2206670,62450.0
2206696,74909.0
2206704,67047.0
2206720,94898.0
2206753,47885.0
2206803,78547.0
2206902,58176.0
2206951,31237.0
2207009,584518.0
2207108,28731.0
2207207,73919.0
2207306,44250.0
2207355,52581.0
2207405,141457.0
2207504,138834.0
2207553,44237.0
2207603,119216.0
2207702,2973925.0
2207751,48758.0
2207777,64630.0
2207793,33613.0
2207801,267774.0
2207850,37693.0
2207900,386328.0
2207934,31322.0
2207959,43931.0
2208007,1941759.0
2208106,106976.0
2208205,202556.0
2208304,363519.0
2208403,917296.0
2208502,118547.0
2208551,39212.0
2208601,27584.0
2208650,253314.0
2208700,97930.0
2208809,264517.0
2208858,46279.0
2208874,217390.0
2208908,695855.0
2209005,61491.0
2209104,61012.0
2209153,45473.0
2209203,615148.0
2209302,62465.0
2209351,40807.0
2209377,50228.0
2209401,72021.0
2209450,18051.0
2209500,40377.0
2209559,39471.0
2209609,32116.0
2209658,55545.0
2209708,58406.0
2209757,54607.0
2209807,56735.0
2209856,49321.0
2209872,60925.0
2209906,59723.0
2209955,36648.0
2209971,68235.0
2210003,426952.0
2210052,63754.0
2210102,42837.0
2210201,68088.0
2210300,59545.0
2210359,45314.0
2210375,25333.0
2210383,27272.0
2210391,47464.0
2210409,163378.0
2210508,134836.0
2210607,566295.0
2210623,46712.0
2210631,255418.0
2210656,78161.0
2210706,434505.0
2210805,182912.0
2210904,41067.0
2210938,76908.0
2210953,30388.0
2210979,33181.0
2211001,23954511.0
2211100,420370.0
2211209,2829979.0
2211308,289698.0
2211357,44541.0
2211407,40996.0
2211506,31078.0
2211605,37035.0
2211704,38008.0
2300101,117971.0
2300150,179994.0
2300200,1020201.0
2300309,564520.0
2300408,151596.0
2300507,98202.0
2300606,74654.0
2300705,232268.0
2300754,665472.0
2300804,78953.0
2300903,120978.0
2301000,3854401.0
2301109,1706227.0
2301208,266422.0
2301257,106784.0
2301307,207982.0
2301406,151645.0
2301505,70224.0
2301604,237259.0
2301703,216792.0
2301802,67541.0
2301851,260031.0
2301901,1345205.0
2301950,240016.0
2302008,242027.0
2302057,133335.0
2302107,448272.0
2302206,1059006.0
2302305,322244.0
2302404,539218.0
2302503,817034.0
2302602,839500.0
2302701,292357.0
2302800,911356.0
2302909,176809.0
2303006,186169.0
2303105,193105.0
2303204,253127.0
2303303,180984.0
2303402,166772.0
2303501,1074377.0
2303600,154108.0
2303659,112081.0
2303709,10422701.0
2303808,247325.0
2303907,110318.0
2303931,178989.0
2303956,260273.0
2304004,225090.0
2304103,952649.0
2304202,1871587.0
2304236,224437.0
2304251,372681.0
2304269,100883.0
2304277,80690.0
2304285,3577497.0
2304301,202248.0
2304350,304957.0
2304400,73437739.0
2304459,312460.0
2304509,275921.0
2304608,86963.0
2304657,129711.0
2304707,469407.0
2304806,51337.0
2304905,110755.0
2304954,231993.0
2305001,669209.0
2305100,80396.0
2305209,185025.0
2305233,2116782.0
2305266,132265.0
2305308,348540.0
2305332,124951.0
2305357,411021.0
2305407,737489.0
2305506,1904815.0
2305605,306809.0
2305654,114127.0
2305704,143451.0
2305803,519845.0
2305902,328115.0
2306009,195282.0
2306108,220294.0
2306207,82855.0
2306256,1258826.0
2306306,594581.0
2306405,1784007.0
2306504,170314.0
2306553,766786.0
2306603,174029.0
2306702,226644.0
2306801,154002.0
2306900,561175.0
2307007,566961.0
2307106,294154.0
2307205,129729.0
2307254,551638.0
2307304,5114786.0
2307403,319373.0
2307502,343304.0
2307601,1423366.0
2307635,174831.0
2307650,12336717.0
2307700,1649528.0
2307809,390969.0
2307908,96327.0
2308005,378718.0
2308104,517496.0
2308203,129293.0
2308302,287223.0
2308351,195290.0
2308377,112599.0
2308401,515937.0
2308500,446847.0
2308609,160699.0
2308708,1276864.0
2308807,75575.0
2308906,193204.0
2309003,131292.0
2309102,123801.0
2309201,163381.0
2309300,336930.0
2309409,283185.0
2309458,284836.0
2309508,218899.0
2309607,1360535.0
2309706,1235176.0
2309805,148366.0
2309904,59940.0
2310001,98773.0
2310100,115124.0
2310209,555931.0
2310258,535129.0
2310308,288689.0
2310407,110908.0
2310506,389914.0
2310605,122162.0
2310704,484760.0
2310803,560571.0
2310852,274852.0
2310902,162092.0
2310951,84230.0
2311009,109402.0
2311108,186375.0
2311207,110570.0
2311231,96816.0
2311264,184720.0
2311306,1109869.0
2311355,198820.0
2311405,1402461.0
2311504,637015.0
2311603,409867.0
2311702,190710.0
2311801,1158523.0
2311900,169856.0
2311959,159284.0
2312007,280072.0
2312106,159277.0
2312205,633710.0
2312304,627180.0
2312403,8624987.0
2312502,107898.0
2312601,133109.0
2312700,352272.0
2312809,62766.0
2312908,5395130.0
2313005,303284.0
2313104,450593.0
2313203,282247.0
2313252,85682.0
2313302,711836.0
2313351,136988.0
2313401,1732690.0
2313500,1115144.0
2313559,138079.0
2313609,642046.0
2313708,69441.0
2313757,172797.0
2313807,299474.0
2313906,298207.0
2313955,375819.0
2314003,468101.0
2314102,603321.0
2400109,141992.0
2400208,1467562.0
2400307,138262.0
2400406,34552.0
2400505,150789.0
2400604,50061.0
2400703,616322.0
2400802,180163.0
2400901,65525.0
2401008,709586.0
2401107,935968.0
2401206,386631.0
2401305,105354.0
2401404,325030.0
2401453,746395.0
2401503,45864.0
2401602,88429.0
2401651,286574.0
2401701,109336.0
2401800,139463.0
2401859,112176.0
2401909,60456.0
2402006,1394838.0
2402105,106965.0
2402204,605673.0
2402303,373657.0
2402402,118372.0
2402501,210948.0
2402600,1002193.0
2402709,140410.0
2402808,52506.0
2402907,48166.0
2403004,123141.0
2403103,804224.0
2403202,78555.0
2403251,6845358.0
2403301,62292.0
2403400,81976.0
2403509,97584.0
2403608,570418.0
2403707,173825.0
2403756,39069.0
2403806,120492.0
2403905,32758.0
2404002,44911.0
2404101,162616.0
2404200,546570.0
2404309,386259.0
2404408,158308.0
2404507,2042133.0
2404606,140718.0
2404705,196498.0
2404804,34929.0
2404853,99444.0
2404903,73781.0
2405009,86389.0
2405108,101429.0
2405207,84497.0
2405306,84899.0
2405405,51547.0
2405504,64391.0
2405603,213313.0
2405702,207991.0
2405801,1269833.0
2405900,27991.0
2406007,67413.0
2406106,315838.0
2406155,42147.0
2406205,70837.0
2406304,81381.0
2406403,38240.0
2406502,269032.0
2406601,94311.0
2406700,165928.0
2406809,51593.0
2406908,51509.0
2407005,87825.0
2407104,1828142.0
2407203,1111118.0
2407252,48003.0
2407302,82889.0
2407401,108194.0
2407500,134892.0
2407609,55529.0
2407708,130282.0
2407807,271451.0
2407906,32366.0
2408003,8071719.0
2408102,24186139.0
2408201,474716.0
2408300,560495.0
2408409,47532.0
2408508,61703.0
2408607,43930.0
2408706,55256.0
2408805,606239.0
2408904,368924.0
2408953,185590.0
2409100,152322.0
2409209,46128.0
2409308,160912.0
2409332,78031.0
2409407,709328.0
2409506,293283.0
2409605,36126.0
2409704,79994.0
2409803,173615.0
2409902,757491.0
2410009,41829.0
2410108,131859.0
2410207,78933.0
2410256,149471.0
2410306,109306.0
2410405,169428.0
2410504,53271.0
2410603,43450.0
2410702,37507.0
2410801,43512.0
2410900,192156.0
2411007,59192.0
2411056,115022.0
2411106,126772.0
2411205,619036.0
2411403,147037.0
2411429,36353.0
2411502,302533.0
2411601,549241.0
2411700,45623.0
2411809,63596.0
2411908,54447.0
2412005,1905641.0
2412104,84585.0
2412203,1040956.0
2412302,125090.0
2412401,83854.0
2412500,319740.0
2412559,492637.0
2412609,231552.0
2412708,55799.0
2412807,88674.0
2412906,111773.0
2413003,76920.0
2413102,60475.0
2413201,116486.0
2413300,57410.0
2413359,858721.0
2413409,118874.0
2413508,71897.0
2413557,49786.0
2413607,63098.0
2413706,53783.0
2413805,32472.0
2413904,155197.0
2414001,201782.0
2414100,113586.0
2414159,107284.0
2414209,415829.0
2414308,43617.0
2414407,814838.0
2414456,45829.0
2414506,151205.0
2414605,214152.0
2414704,56555.0
2414753,43202.0
2414803,133469.0
2414902,23238.0
2415008,44403.0
2500106,92268.0
2500205,60256.0
2500304,300766.0
2500403,335568.0
2500502,138844.0
2500536,55221.0
2500577,28688.0
2500601,3391901.0
2500700,226326.0
2500734,29514.0
2500775,105562.0
2500809,186121.0
2500908,112505.0
2501005,204618.0
2501104,258030.0
2501153,26146.0
2501203,62686.0
2501302,286086.0
2501351,48605.0
2501401,108130.0
2501500,279647.0
2501534,49872.0
2501575,90980.0
2501609,151140.0
2501708,85061.0
2501807,1367700.0
2501906,217642.0
2502003,78754.0
2502052,40115.0
2502102,51771.0
2502151,203601.0
2502201,32154.0
2502300,54738.0
2502409,96760.0
2502508,260287.0
2502607,60877.0
2502706,69315.0
2502805,147569.0
2502904,64523.0
2503001,416707.0
2503100,116784.0
2503209,3137677.0
2503308,125141.0
2503407,39217.0
2503506,154293.0
2503555,67251.0
2503605,65797.0
2503704,1231837.0
2503753,42140.0
2503803,74927.0
2503902,71860.0
2504009,10349781.0
2504033,75876.0
2504074,42317.0
2504108,31011.0
2504157,70122.0
2504207,53095.0
2504306,506809.0
2504355,61814.0
2504405,209556.0
2504504,90623.0
2504603,1274198.0
2504702,61917.0
2504801,250138.0
2504850,24115.0
2504900,191764.0
2505006,76970.0
2505105,220943.0
2505204,66817.0
2505238,74254.0
2505279,55714.0
2505303,26853.0
2505352,50368.0
2505402,72920.0
2505501,39511.0
2505600,59527.0
2505709,94022.0
2505808,45155.0
2505907,41741.0
2506004,709828.0
2506103,105579.0
2506202,30352.0
2506251,76350.0
2506301,1778824.0
2506400,151393.0
2506509,38417.0
2506608,58012.0
2506707,98470.0
2506806,195442.0
2506905,336826.0
2507002,342219.0
2507101,206834.0
2507200,154474.0
2507309,165481.0
2507408,76561.0
2507507,21865637.0
2507606,73279.0
2507705,210738.0
2507804,96811.0
2507903,117631.0
2508000,87525.0
2508109,51364.0
2508208,83716.0
2508307,310520.0
2508406,29567.0
2508505,70182.0
2508554,48759.0
2508604,222862.0
2508703,38696.0
2508802,79951.0
2508901,807657.0
2509008,101623.0
2509057,104110.0
2509107,242496.0
2509156,82151.0
2509206,130597.0
2509305,229876.0
2509339,54111.0
2509370,31916.0
2509396,61962.0
2509404,164588.0
2509503,55405.0
2509602,48173.0
2509701,636488.0
2509800,98547.0
2509909,95639.0
2510006,66198.0
2510105,99828.0
2510204,57973.0
2510303,49111.0
2510402,62018.0
2510501,43664.0
2510600,38371.0
2510659,21547.0
2510709,28935.0
2510808,1998302.0
2510907,157586.0
2511004,37568.0
2511103,80276.0
2511202,656966.0
2511301,206946.0
2511400,213731.0
2511509,122047.0
2511608,95609.0
2511707,51324.0
2511806,95327.0
2511905,431304.0
2512002,285031.0
2512036,40318.0
2512077,46932.0
2512101,466596.0
2512200,64814.0
2512309,266954.0
2512408,138075.0
2512507,607307.0
2512606,26818.0
2512705,181633.0
2512721,57292.0
2512747,36562.0
2512754,50199.0
2512762,56334.0
2512788,30616.0
2512804,92854.0
2512903,323318.0
2513000,33513.0
2513109,129057.0
2513158,65826.0
2513208,62329.0
2513307,62387.0
2513356,36845.0
2513406,372903.0
2513505,51164.0
2513604,67491.0
2513653,33077.0
2513703,2580592.0
2513802,57292.0
2513851,29441.0
2513901,568731.0
2513927,55647.0
2513943,28821.0
2513968,36270.0
2513984,39305.0
2514008,55476.0
2514107,41004.0
2514206,72192.0
2514305,55708.0
2514404,55035.0
2514453,86773.0
2514503,230936.0
2514552,34093.0
2514602,32491.0
2514651,29166.0
2514701,125303.0
2514800,37037.0
2514909,82591.0
2515005,82966.0
2515104,106031.0
2515203,40497.0
2515302,677858.0
2515401,90035.0
2515500,148076.0
2515609,37107.0
2515708,33251.0
2515807,71258.0
2515906,67798.0
2515930,55027.0
2515971,113089.0
2516003,353670.0
2516102,253441.0
2516151,38789.0
2516201,1320173.0
2516300,201613.0
2516409,91865.0
2516508,139501.0
2516607,140211.0
2516706,169461.0
2516755,34675.0
2516805,87702.0
2516904,193071.0
2517001,91270.0
2517100,37673.0
2517209,52851.0
2517407,27048.0
2600054,1724258.0
2600104,541816.0
2600203,209815.0
2600302,352858.0
2600401,259866.0
2600500,401111.0
2600609,144945.0
2600708,413314.0
2600807,222589.0
2600906,294407.0
2601003,142260.0
2601052,161884.0
2601102,1272092.0
2601201,1215383.0
2601300,146943.0
2601409,503988.0
2601508,99499.0
2601607,366293.0
2601706,2765036.0
2601805,105307.0
2601904,962826.0
2602001,317010.0
2602100,643151.0
2602209,366988.0
2602308,539340.0
2602407,183679.0
2602506,83879.0
2602605,461357.0
2602704,133152.0
2602803,549015.0
2602902,13706389.0
2603009,440863.0
2603108,254369.0
2603207,423727.0
2603306,115299.0
2603405,50300.0
2603454,2229680.0
2603504,181161.0
2603603,285369.0
2603702,253171.0
2603801,244054.0
2603900,193546.0
2603926,83423.0
2604007,1744915.0
2604106,8663525.0
2604155,101521.0
2604205,360566.0
2604304,125401.0
2604403,168758.0
2604502,251193.0
2604601,250915.0
2604700,192016.0
2604809,121502.0
2604908,109260.0
2605004,283576.0
2605103,593880.0
2605152,246023.0
2605202,1306431.0
2605301,325117.0
2605400,247550.0
2605459,229561.0
2605509,132503.0
2605608,192902.0
2605707,445213.0
2605806,131441.0
2605905,274258.0
2606002,3077112.0
2606101,554616.0
2606200,10662964.0
2606309,78432.0
2606408,1359681.0
2606507,195800.0
2606606,330119.0
2606705,85527.0
2606804,3471427.0
2606903,112369.0
2607000,196880.0
2607109,50497.0
2607208,14929346.0
2607307,340374.0
2607406,71286.0
2607505,283413.0
2607604,299232.0
2607653,522657.0
2607703,139873.0
2607752,2383641.0
2607802,160857.0
2607901,16133556.0
2607950,111801.0
2608008,154862.0
2608057,153793.0
2608107,316644.0
2608206,181310.0
2608255,129270.0
2608305,214224.0
2608404,132840.0
2608453,300635.0
2608503,482859.0
2608602,139223.0
2608701,135443.0
2608750,456844.0
2608800,585576.0
2608909,838343.0
2609006,283578.0
2609105,216295.0
2609154,139153.0
2609204,92490.0
2609303,163406.0
2609402,892506.0
2609501,688468.0
2609600,5788250.0
2609709,398794.0
2609808,186448.0
2609907,780513.0
2610004,924146.0
2610103,79959.0
2610202,229556.0
2610301,285773.0
2610400,213190.0
2610509,264547.0
2610608,926328.0
2610707,5591652.0
2610806,306398.0
2610905,869651.0
2611002,1675876.0
2611101,7994040.0
2611200,102107.0
2611309,532583.0
2611408,291696.0
2611507,192325.0
2611533,67064.0
2611606,54970302.0
2611705,260563.0
2611804,576407.0
2611903,379871.0
2612000,176225.0
2612109,80938.0
2612208,1002105.0
2612307,171051.0
2612406,248264.0
2612455,133592.0
2612471,113554.0
2612505,1925734.0
2612554,111830.0
2612604,564000.0
2612703,122262.0
2612802,114824.0
2612901,117017.0
2613008,1485706.0
2613107,447679.0
2613206,390211.0
2613305,185467.0
2613404,291007.0
2613503,341544.0
2613602,441117.0
2613701,1444200.0
2613800,209528.0
2613909,1693347.0
2614006,161153.0
2614105,367389.0
2614204,722495.0
2614303,90987.0
2614402,56661.0
2614501,915558.0
2614600,314903.0
2614709,149159.0
2614808,251978.0
2614857,395834.0
2615003,334642.0
2615102,75618.0
2615201,95262.0
2615300,746607.0
2615409,764572.0
2615508,176619.0
2615607,419024.0
2615706,157358.0
2615805,227130.0
2615904,89139.0
2616001,247349.0
2616100,80931.0
2616183,74060.0
2616209,194511.0
2616308,519426.0
2616407,4551843.0
2616506,141411.0
2700102,202705.0
2700201,250500.0
2700300,5916238.0
2700409,1500460.0
2700508,262047.0
2700607,238456.0
2700706,229982.0
2700805,191336.0
2700904,151407.0
2701001,506081.0
2701100,775435.0
2701209,140487.0
2701308,207919.0
2701357,87777.0
2701407,734766.0
2701506,106142.0
2701605,166521.0
2701704,248032.0
2701803,90803.0
2701902,175489.0
2702009,211514.0
2702108,397415.0
2702207,96056.0
2702306,1782568.0
2702355,480753.0
2702405,673915.0
2702504,105272.0
2702553,154359.0
2702603,427598.0
2702702,164034.0
2702801,297791.0
2702900,549600.0
2703007,196489.0
2703106,311967.0
2703205,571877.0
2703304,174776.0
2703403,74960.0
2703502,194531.0
2703601,252002.0
2703700,77897.0
2703759,382025.0
2703809,520994.0
2703908,54801.0
2704005,550087.0
2704104,273062.0
2704203,685194.0
2704302,27485311.0
2704401,283475.0
2704500,1118908.0
2704609,90758.0
2704708,3409648.0
2704807,188010.0
2704906,50951.0
2705002,354641.0
2705101,385920.0
2705200,221131.0
2705309,74515.0
2705408,78347.0
2705507,588158.0
2705606,187256.0
2705705,271809.0
2705804,92959.0
2705903,70179.0
2706000,108872.0
2706109,110475.0
2706208,45927.0
2706307,1181612.0
2706406,266647.0
2706422,145004.0
2706448,236831.0
2706505,337360.0
2706604,105576.0
2706703,983959.0
2706802,458416.0
2706901,676236.0
2707008,59445.0
2707107,344069.0
2707206,125628.0
2707305,412903.0
2707404,333231.0
2707503,268907.0
2707602,189081.0
2707701,1423072.0
2707800,204149.0
2707909,277405.0
2708006,646336.0
2708105,1408592.0
2708204,129340.0
2708303,588009.0
2708402,332854.0
2708501,943729.0
2708600,1373077.0
2708709,243495.0
2708808,858876.0
2708907,261004.0
2708956,121201.0
2709004,92175.0
2709103,510846.0
2709152,1357798.0
2709202,297000.0
2709301,1416193.0
2709400,594195.0
2800100,37967.0
2800209,287874.0
2800308,18405678.0
2800407,140122.0
2800506,252263.0
2800605,2581592.0
2800670,333080.0
2800704,95886.0
2801009,237677.0
2801108,84436.0
2801207,2895222.0
2801306,385290.0
2801405,379818.0
2801504,422601.0
2801603,64293.0
2801702,250777.0
2801900,69489.0
2802007,188619.0
2802106,2126563.0
2802205,114918.0
2802304,324741.0
2802403,179511.0
2802502,43532.0
2802601,100982.0
2802700,101815.0
2802809,229670.0
2802908,2213275.0
2803005,535797.0
2803104,81127.0
2803203,880245.0
2803302,527939.0
2803401,210654.0
2803500,1798319.0
2803609,1162007.0
2803708,89535.0
2803807,52760.0
2803906,173218.0
2804003,448414.0
2804102,206468.0
2804201,218953.0
2804300,96660.0
2804409,330966.0
2804458,109900.0
2804508,790790.0
2804607,415736.0
2804706,91165.0
2804805,3232698.0
2804904,236643.0
2805000,48012.0
2805109,98936.0
2805208,91574.0
2805307,137922.0
2805406,416245.0
2805505,322302.0
2805604,366553.0
2805703,554299.0
2805802,328904.0
2805901,222401.0
2806008,339443.0
2806107,468956.0
2806206,217519.0
2806305,192690.0
2806404,106773.0
2806503,55084.0
2806602,167665.0
2806701,1031740.0
2806800,135227.0
2806909,56034.0
2807006,49842.0
2807105,790408.0
2807204,176736.0
2807303,44121.0
2807402,655791.0
2807501,146965.0
2807600,401569.0
2900108,70037.0
2900207,208481.0
2900306,144341.0
2900355,240507.0
2900405,158357.0
2900504,77947.0
2900603,53699.0
2900702,4533420.0
2900801,347521.0
2900900,62839.0
2901007,463246.0
2901106,437827.0
2901155,167876.0
2901205,224788.0
2901304,134354.0
2901353,223255.0
2901403,190379.0
2901502,78771.0
2901601,160611.0
2901700,124246.0
2901809,82589.0
2901908,148460.0
2901957,74216.0
2902005,145622.0
2902054,298903.0
2902104,490958.0
2902203,103680.0
2902252,101344.0
2902302,79992.0
2902401,136886.0
2902500,263675.0
2902609,194474.0
2902658,113493.0
2902708,430282.0
2902807,376926.0
2902906,573207.0
2903003,115644.0
2903102,77839.0
2903201,7007583.0
2903235,112747.0
2903276,345869.0
2903300,79870.0
2903409,373616.0
2903508,169334.0
2903607,145254.0
2903706,111525.0
2903805,155182.0
2903904,1357111.0
2903953,69906.0
2904001,117753.0
2904050,270624.0
2904100,188737.0
2904209,109884.0
2904308,144196.0
2904407,126161.0
2904506,96352.0
2904605,1781802.0
2904704,209117.0
2904753,154805.0
2904803,77336.0
2904852,141050.0
2904902,479138.0
2905008,363603.0
2905107,92224.0
2905156,102468.0
2905206,1098344.0
2905305,217329.0
2905404,1508842.0
2905503,101885.0
2905602,354111.0
2905701,33990890.0
2905800,468117.0
2905909,295119.0
2906006,2072121.0
2906105,84823.0
2906204,258494.0
2906303,394907.0
2906402,67739.0
2906501,6824935.0
2906600,140513.0
2906709,244448.0
2906808,352265.0
2906824,152935.0
2906857,129342.0
2906873,579390.0
2906899,86125.0
2906907,357855.0
2907004,117844.0
2907103,288403.0
2907202,874879.0
2907301,316840.0
2907400,80904.0
2907509,695021.0
2907558,78181.0
2907608,154454.0
2907707,105377.0
2907806,399480.0
2907905,155100.0
2908002,190857.0
2908101,559255.0
2908200,375845.0
2908309,200105.0
2908408,883550.0
2908507,2761495.0
2908606,288432.0
2908705,170758.0
2908804,50705.0
2908903,225909.0
2909000,70616.0
2909109,168999.0
2909208,175063.0
2909307,3280617.0
2909406,171261.0
2909505,45856.0
2909604,205809.0
2909703,157829.0
2909802,1041984.0
2909901,354901.0
2910008,126035.0
2910057,3052173.0
2910107,142114.0
2910206,43268.0
2910305,76577.0
2910404,255982.0
2910503,680875.0
2910602,731443.0
2910701,794576.0
2910727,3204764.0
2910750,279797.0
2910776,63006.0
2910800,17287746.0
2910859,139019.0
2910909,70961.0
2911006,101470.0
2911105,4609105.0
2911204,460710.0
2911253,49892.0
2911303,133421.0
2911402,254116.0
2911501,76384.0
2911600,221824.0
2911659,68553.0
2911709,1652174.0
2911808,279298.0
2911857,140497.0
2911907,236733.0
2912004,98696.0
2912103,206488.0
2912202,442996.0
2912301,196041.0
2912400,177643.0
2912509,117147.0
2912608,37302.0
2912707,285725.0
2912806,450754.0
2912905,206991.0
2913002,113539.0
2913101,155356.0
2913200,415176.0
2913309,56326.0
2913408,198181.0
2913457,211118.0
2913507,246107.0
2913606,5165434.0
2913705,625516.0
2913804,105039.0
2913903,567652.0
2914000,664074.0
2914109,100298.0
2914208,77968.0
2914307,102575.0
2914406,897724.0
2914505,285797.0
2914604,1531592.0
2914653,513989.0
2914703,995761.0
2914802,4200887.0
2914901,427090.0
2915007,126615.0
2915106,128429.0
2915205,1102618.0
2915304,127478.0
2915353,152646.0
2915403,89468.0
2915502,255369.0
2915601,1109786.0
2915700,103343.0
2915809,294534.0
2915908,81829.0
2916005,293429.0
2916104,246765.0
2916203,106333.0
2916302,335601.0
2916401,1466169.0
2916500,438660.0
2916609,94612.0
2916708,100679.0
2916807,330772.0
2916856,430369.0
2916906,120556.0
2917003,351480.0
2917102,250715.0
2917201,256554.0
2917300,367367.0
2917334,133299.0
2917359,1344176.0
2917409,122734.0
2917508,1866382.0
2917607,677732.0
2917706,1197315.0
2917805,206796.0
2917904,168106.0
2918001,3175607.0
2918100,501169.0
2918209,150225.0
2918308,175501.0
2918357,296792.0
2918407,5182686.0
2918456,127605.0
2918506,113552.0
2918555,71426.0
2918605,68637.0
2918704,55228.0
2918753,119480.0
2918803,292274.0
2918902,112925.0
2919009,60929.0
2919058,78267.0
2919108,64992.0
2919157,302184.0
2919207,7322788.0
2919306,170248.0
2919405,157145.0
2919504,574693.0
2919553,8833179.0
2919603,90666.0
2919702,226872.0
2919801,430548.0
2919900,67455.0
2919926,515753.0
2919959,50031.0
2920007,204964.0
2920106,158649.0
2920205,187955.0
2920304,80501.0
2920403,139733.0
2920452,93635.0
2920502,655865.0
2920601,402216.0
2920700,343435.0
2920809,94273.0
2920908,161322.0
2921005,1307567.0
2921054,91646.0
2921104,514264.0
2921203,272751.0
2921302,144021.0
2921401,141314.0
2921450,78529.0
2921500,459587.0
2921609,78576.0
2921708,626444.0
2921807,106587.0
2921906,774984.0
2922003,2213929.0
2922052,212754.0
2922102,198985.0
2922201,66760.0
2922250,210272.0
2922300,276522.0
2922409,470758.0
2922508,330399.0
2922607,185842.0
2922656,160704.0
2922706,174011.0
2922730,95116.0
2922755,101835.0
2922805,73231.0
2922854,75482.0
2922904,271385.0
2923001,575879.0
2923035,105117.0
2923050,103840.0
2923100,241905.0
2923209,291778.0
2923308,80572.0
2923357,279796.0
2923407,237973.0
2923506,107772.0
2923605,270522.0
2923704,260302.0
2923803,454229.0
2923902,105694.0
2924009,3964729.0
2924058,131268.0
2924108,52230.0
2924207,119243.0
2924306,242589.0
2924405,291131.0
2924504,296449.0
2924603,156836.0
2924652,109216.0
2924678,116891.0
2924702,79283.0
2924801,187717.0
2924900,79136.0
2925006,309692.0
2925105,572944.0
2925204,1843255.0
2925253,142450.0
2925303,3775003.0
2925402,114890.0
2925501,625403.0
2925600,132058.0
2925709,100235.0
2925758,337994.0
2925808,257595.0
2925907,227708.0
2925931,76980.0
2925956,396593.0
2926004,486107.0
2926103,149704.0
2926202,1539859.0
2926301,409527.0
2926400,317645.0
2926509,192311.0
2926608,715512.0
2926657,110954.0
2926707,155831.0
2926806,115515.0
2926905,100333.0
2927002,1030915.0
2927101,143383.0
2927200,392238.0
2927309,201345.0
2927408,62981326.0
2927507,180434.0
2927606,119246.0
2927705,549713.0
2927804,71169.0
2927903,76085.0
2928000,521838.0
2928059,124187.0
2928109,600085.0
2928208,343471.0
2928307,68800.0
2928406,285736.0
2928505,101309.0
2928604,1137499.0
2928703,2449482.0
2928802,913473.0
2928901,5846224.0
2928950,88333.0
2929008,172669.0
2929057,238009.0
2929107,211989.0
2929206,13095067.0
2929255,152707.0
2929305,1156472.0
2929354,67107.0
2929370,126577.0
2929404,176578.0
2929503,849766.0
2929602,213065.0
2929701,257706.0
2929750,146219.0
2929800,102999.0
2929909,625080.0
2930006,107168.0
2930105,997788.0
2930154,411279.0
2930204,1714711.0
2930303,199802.0
2930402,138171.0
2930501,1085465.0
2930600,118127.0
2930709,6340237.0
2930758,119916.0
2930766,103227.0
2930774,842992.0
2930808,135851.0
2930907,268071.0
2931004,252999.0
2931053,182572.0
2931103,66752.0
2931202,221530.0
2931301,148710.0
2931350,2875560.0
2931400,177343.0
2931509,191244.0
2931608,216597.0
2931707,170369.0
2931806,133571.0
2931905,544589.0
2932002,234752.0
2932101,228976.0
2932200,244475.0
2932309,223669.0
2932408,175916.0
2932457,263228.0
2932507,333870.0
2932606,199656.0
2932705,296011.0
2932804,185676.0
2932903,1740629.0
2933000,268418.0
2933059,111965.0
2933109,116185.0
2933158,231719.0
2933174,135059.0
2933208,601816.0
2933257,92690.0
2933307,8218063.0
2933406,89462.0
2933455,167534.0
2933505,331451.0
2933604,460817.0
3100104,176730.0
3100203,541136.0
3100302,262668.0
3100401,64892.0
3100500,165796.0
3100609,192065.0
3100708,230005.0
3100807,94598.0
3100906,287546.0
3101003,236694.0
3101102,637983.0
3101201,128546.0
3101300,47699.0
3101409,153935.0
3101508,971558.0
3101607,3486907.0
3101631,150571.0
3101706,674815.0
3101805,94682.0
3101904,524182.0
3102001,296492.0
3102050,97092.0
3102100,180095.0
3102209,54645.0
3102308,340110.0
3102407,64841.0
3102506,55910.0
3102605,1183259.0
3102704,125620.0
3102803,292394.0
3102852,144549.0
3102902,242348.0
3103009,894601.0
3103108,28556.0
3103207,60662.0
3103306,31371.0
3103405,519974.0
3103504,5836329.0
3103603,88536.0
3103702,122267.0
3103751,1294624.0
3103801,172745.0
3103900,474404.0
3104007,8950200.0
3104106,346405.0
3104205,2345874.0
3104304,309330.0
3104403,40067.0
3104452,67088.0
3104502,318815.0
3104601,291866.0
3104700,198960.0
3104809,89054.0
3104908,380866.0
3105004,201272.0
3105103,779906.0
3105202,59093.0
3105301,86572.0
3105400,2438852.0
3105509,63071.0
3105608,3521229.0
3105707,81928.0
3105905,608480.0
3106002,568234.0
3106101,61557.0
3106200,105920859.0
3106309,2089750.0
3106408,279868.0
3106507,112833.0
3106606,53770.0
3106655,61006.0
3106705,33125378.0
3106804,41583.0
3106903,277715.0
3107000,64473.0
3107109,1058480.0
3107208,80211.0
3107307,1224914.0
3107406,1814550.0
3107505,127743.0
3107604,196074.0
3107703,160390.0
3107802,171084.0
3107901,160232.0
3108008,445214.0
3108107,135422.0
3108206,458898.0
3108255,101045.0
3108305,374716.0
3108404,325978.0
3108503,75744.0
3108552,415061.0
3108602,377410.0
3108701,50032.0
3108800,213072.0
3108909,198123.0
3109006,4624729.0
3109105,240684.0
3109204,180714.0
3109253,47548.0
3109303,1163750.0
3109402,735994.0
3109451,477332.0
3109501,290817.0
3109600,51886.0
3109709,536512.0
3109808,131487.0
3109907,315208.0
3110004,1074947.0
3110103,88661.0
3110202,97287.0
3110301,337630.0
3110400,70858.0
3110509,987747.0
3110608,1864549.0
3110707,370830.0
3110806,53458.0
3110905,439921.0
3111002,486410.0
3111101,536761.0
3111150,40651.0
3111200,1242918.0
3111309,231124.0
3111408,710762.0
3111507,434229.0
3111606,704525.0
3111705,77437.0
3111804,677858.0
3111903,80057.0
3112000,371166.0
3112059,56752.0
3112109,97643.0
3112208,62458.0
3112307,887590.0
3112406,207248.0
3112505,123369.0
3112604,666437.0
3112653,60792.0
3112703,501415.0
3112802,328594.0
3112901,143709.0
3113008,210367.0
3113107,41465.0
3113206,751465.0
3113305,639119.0
3113404,2283105.0
3113503,220652.0
3113602,174238.0
3113701,474669.0
3113800,39785.0
3113909,321614.0
3114006,265586.0
3114105,290553.0
3114204,627199.0
3114303,1060015.0
3114402,694497.0
3114501,461515.0
3114550,406710.0
3114600,177636.0
3114709,71384.0
3114808,80682.0
3114907,69228.0
3115003,79984.0
3115102,436341.0
3115201,68717.0
3115300,1650831.0
3115359,5032327.0
3115409,40785.0
3115458,83308.0
3115474,56838.0
3115508,371252.0
3115607,22396.0
3115706,87043.0
3115805,351125.0
3115904,47145.0
3116001,114191.0
3116100,111106.0
3116159,403133.0
3116209,37247.0
3116308,73287.0
3116407,181971.0
3116506,83712.0
3116605,1117593.0
3116704,139787.0
3116803,121199.0
3116902,154777.0
3117009,68104.0
3117108,274187.0
3117207,61047.0
3117306,1318009.0
3117405,81006.0
3117504,9050953.0
3117603,493948.0
3117702,343556.0
3117801,224990.0
3117836,63478.0
3117876,485672.0
3117900,220464.0
3118007,7677447.0
3118106,49288.0
3118205,490051.0
3118304,3117736.0
3118403,383757.0
3118502,31441.0
3118601,36478511.0
3118700,234159.0
3118809,272832.0
3118908,146188.0
3119005,113743.0
3119104,608967.0
3119203,125596.0
3119302,1535203.0
3119401,1995525.0
3119500,119826.0
3119609,60101.0
3119708,90932.0
3119807,165719.0
3119906,45603.0
3119955,320483.0
3120003,38521.0
3120102,63266.0
3120151,76403.0
3120201,295630.0
3120300,59160.0
3120409,123678.0
3120508,233177.0
3120607,83064.0
3120706,184033.0
3120805,317649.0
3120839,74037.0
3120870,80420.0
3120904,2228066.0
3121001,73978.0
3121100,125697.0
3121209,247289.0
3121258,466555.0
3121308,81649.0
3121407,261189.0
3121506,50610.0
3121605,984231.0
3121704,42932.0
3121803,90865.0
3121902,63671.0
3122009,319453.0
3122108,61680.0
3122207,82272.0
3122306,8328420.0
3122355,178202.0
3122405,129921.0
3122454,93183.0
3122470,69488.0
3122504,69618.0
3122603,67800.0
3122702,108260.0
3122801,39046.0
3122900,109854.0
3123007,320072.0
3123106,190689.0
3123205,352243.0
3123304,67069.0
3123403,84085.0
3123502,79306.0
3123528,122873.0
3123601,705288.0
3123700,157012.0
3123809,92057.0
3123858,64895.0
3123908,270170.0
3124005,409383.0
3124104,973278.0
3124203,411016.0
3124302,364023.0
3124401,122219.0
3124500,601829.0
3124609,42891.0
3124708,165338.0
3124807,351211.0
3124906,221741.0
3125002,54345.0
3125101,13653880.0
3125200,58617.0
3125309,64355.0
3125408,73738.0
3125507,48742.0
3125606,75699.0
3125705,281136.0
3125804,45852.0
3125903,147935.0
3125952,156872.0
3126000,142775.0
3126109,2212489.0
3126208,314877.0
3126307,111241.0
3126406,51259.0
3126505,77801.0
3126604,75589.0
3126703,452040.0
3126752,101190.0
3126802,80089.0
3126901,150514.0
3126950,35558.0
3127008,935386.0
3127057,48924.0
3127073,47075.0
3127107,2472972.0
3127206,83300.0
3127305,113699.0
3127339,57342.0
3127354,41126.0
3127370,49898.0
3127388,62242.0
3127404,94305.0
3127503,68965.0
3127602,198843.0
3127701,7382104.0
3127800,770836.0
3127909,44193.0
3128006,996792.0
3128105,390741.0
3128204,115211.0
3128253,78006.0
3128303,549498.0
3128402,173383.0
3128501,57624.0
3128600,750765.0
3128709,2806751.0
3128808,123262.0
3128907,327592.0
3129004,114327.0
3129103,180788.0
3129202,133435.0
3129301,176380.0
3129400,103540.0
3129509,1534624.0
3129608,114948.0
3129657,51252.0
3129707,728232.0
3129806,3202480.0
3129905,77622.0
3130002,59365.0
3130051,111419.0
3130101,966978.0
3130200,577884.0
3130309,586931.0
3130408,494349.0
3130507,265457.0
3130556,101196.0
3130606,132560.0
3130655,87300.0
3130705,875623.0
3130804,115689.0
3130903,404766.0
3131000,145761.0
3131109,90714.0
3131158,180272.0
3131208,344482.0
3131307,17607740.0
3131406,183043.0
3131505,188547.0
3131604,301450.0
3131703,14971550.0
3131802,136366.0
3131901,13139282.0
3132008,61709.0
3132107,226687.0
3132206,402204.0
3132305,121611.0
3132404,3611716.0
3132503,647443.0
3132602,67305.0
3132701,341003.0
3132800,35863.0
3132909,236283.0
3133006,1181671.0
3133105,470089.0
3133204,151256.0
3133303,308690.0
3133402,514170.0
3133501,628985.0
3133600,849148.0
3133709,6934362.0
3133758,724062.0
3133808,5082302.0
3133907,71363.0
3134004,148251.0
3134103,122238.0
3134202,3797167.0
3134301,91596.0
3134400,2016962.0
3134509,172518.0
3134608,297804.0
3134707,131534.0
3134806,150928.0
3134905,1143674.0
3135001,109803.0
3135050,849078.0
3135076,82526.0
3135100,1603605.0
3135209,824553.0
3135308,101345.0
3135357,77418.0
3135407,1952716.0
3135456,79486.0
3135506,193976.0
3135605,130436.0
3135704,126108.0
3135803,274885.0
3135902,104192.0
3136009,162645.0
3136108,110201.0
3136207,4852510.0
3136306,2156345.0
3136405,72279.0
3136504,107127.0
3136520,51739.0
3136553,72330.0
3136579,58017.0
3136603,107483.0
3136652,1436347.0
3136702,20281698.0
3136801,51591.0
3136900,274079.0
3136959,65619.0
3137007,147335.0
3137106,242478.0
3137205,1984774.0
3137304,59595.0
3137403,345374.0
3137502,565539.0
3137536,292472.0
3137601,2187875.0
3137700,399767.0
3137809,405229.0
3137908,52121.0
3138005,95736.0
3138104,192531.0
3138203,2941308.0
3138302,55488.0
3138351,66185.0
3138401,1112639.0
3138500,107623.0
3138609,339219.0
3138625,462720.0
3138658,93829.0
3138674,132765.0
3138682,65469.0
3138708,149049.0
3138807,657535.0
3138906,112414.0
3139003,1373896.0
3139102,301965.0
3139201,235786.0
3139250,60080.0
3139300,243336.0
3139409,3277778.0
3139508,563358.0
3139607,476839.0
3139706,233073.0
3139805,227482.0
3139904,203119.0
3140001,7367033.0
3140100,57772.0
3140159,197957.0
3140209,74902.0
3140308,60417.0
3140407,42790.0
3140506,474367.0
3140530,215621.0
3140555,91547.0
3140605,60526.0
3140704,1078989.0
3140803,627997.0
3140852,158429.0
3140902,425174.0
3141009,157530.0
3141108,1505458.0
3141207,97184.0
3141306,247288.0
3141405,252979.0
3141504,77407.0
3141603,151705.0
3141702,59433.0
3141801,350038.0
3141900,163760.0
3142007,162987.0
3142106,173968.0
3142205,333953.0
3142254,46796.0
3142304,76859.0
3142403,152626.0
3142502,46801.0
3142601,228126.0
3142700,165406.0
3142809,758376.0
3142908,256072.0
3143005,366218.0
3143104,1559202.0
3143153,44093.0
3143203,483172.0
3143302,10799486.0
3143401,605892.0
3143450,91046.0
3143500,541502.0
3143609,51052.0
3143708,44097.0
3143807,128215.0
3143906,2654177.0
3144003,508860.0
3144102,535415.0
3144201,37373.0
3144300,808450.0
3144359,90147.0
3144375,75163.0
3144409,115392.0
3144508,668804.0
3144607,618031.0
3144656,126349.0
3144672,83434.0
3144706,432758.0
3144805,21040766.0
3144904,58649.0
3145000,1115949.0
3145059,116346.0
3145109,385622.0
3145208,2634272.0
3145307,330390.0
3145356,121560.0
3145372,70395.0
3145406,31904.0
3145455,211917.0
3145505,43924.0
3145604,1108063.0
3145703,40519.0
3145802,64913.0
3145851,70841.0
3145877,122068.0
3145901,5276139.0
3146008,934049.0
3146107,9518797.0
3146206,67792.0
3146255,58183.0
3146305,213888.0
3146404,82804.0
3146503,531120.0
3146552,58642.0
3146602,27292.0
3146701,103636.0
3146750,63837.0
3146909,374384.0
3147006,7198751.0
3147105,4024574.0
3147204,650844.0
3147303,592506.0
3147402,918655.0
3147501,23588.0
3147600,471565.0
3147709,481059.0
3147808,42075.0
3147907,3023766.0
3147956,55025.0
3148004,6146247.0
3148103,3679638.0
3148202,116017.0
3148301,136790.0
3148400,67346.0
3148509,93054.0
3148608,270118.0
3148707,401335.0
3148756,96488.0
3148806,57703.0
3148905,116112.0
3149002,42273.0
3149101,182673.0
3149150,109624.0
3149200,204095.0
3149309,1938134.0
3149408,30259.0
3149507,62510.0
3149606,85500.0
3149705,234680.0
3149804,1629149.0
3149903,626987.0
3149952,111677.0
3150000,47075.0
3150109,92645.0
3150158,140805.0
3150208,62725.0
3150307,110390.0
3150406,89789.0
3150505,281707.0
3150539,52693.0
3150570,71109.0
3150604,303140.0
3150703,403702.0
3150802,200152.0
3150901,78363.0
3151008,136133.0
3151107,633595.0
3151206,2871585.0
3151305,200321.0
3151404,741273.0
3151503,1280617.0
3151602,574230.0
3151701,403832.0
3151800,8526942.0
3151909,121701.0
3152006,1170319.0
3152105,2142078.0
3152131,52084.0
3152170,122520.0
3152204,526973.0
3152303,130226.0
3152402,168767.0
3152501,10718150.0
3152600,277395.0
3152709,229055.0
3152808,1292807.0
3152907,228619.0
3153004,154718.0
3153103,67749.0
3153202,49104.0
3153301,36193.0
3153400,731425.0
3153509,125573.0
3153608,203096.0
3153707,77606.0
3153806,40046.0
3153905,193684.0
3154002,423330.0
3154101,123247.0
3154150,121182.0
3154200,207473.0
3154309,277790.0
3154408,372866.0
3154457,157242.0
3154507,532552.0
3154606,5180189.0
3154705,105346.0
3154804,472402.0
3154903,237324.0
3155009,51851.0
3155108,52654.0
3155207,59583.0
3155306,113750.0
3155405,120045.0
3155504,906412.0
3155603,345428.0
3155702,1339656.0
3155801,417244.0
3155900,69135.0
3156007,140757.0
3156106,90330.0
3156205,114660.0
3156304,544656.0
3156403,271627.0
3156452,67723.0
3156502,80084.0
3156601,111693.0
3156700,4201932.0
3156809,334727.0
3156908,2090841.0
3157005,667282.0
3157104,132015.0
3157203,1628347.0
3157252,111674.0
3157278,56261.0
3157302,70602.0
3157336,103453.0
3157377,48998.0
3157401,76982.0
3157500,51008.0
3157609,59926.0
3157658,57927.0
3157708,860296.0
3157807,5287597.0
3157906,353995.0
3158003,269094.0
3158102,49983.0
3158201,170803.0
3158300,243282.0
3158409,49901.0
3158508,116826.0
3158607,47355.0
3158706,39152.0
3158805,105812.0
3158904,189822.0
3158953,749702.0
3159001,103770.0
3159100,49867.0
3159209,227928.0
3159308,74798.0
3159357,151781.0
3159407,61998.0
3159506,179107.0
3159605,1944045.0
3159704,102017.0
3159803,802576.0
3159902,354378.0
3160009,67888.0
3160108,85508.0
3160207,44720.0
3160306,114522.0
3160405,842862.0
3160454,70752.0
3160504,28487.0
3160603,50190.0
3160702,1101637.0
3160801,89289.0
3160900,80485.0
3160959,91424.0
3161007,313454.0
3161056,43890.0
3161106,648148.0
3161205,150493.0
3161304,193829.0
3161403,72559.0
3161502,263233.0
3161601,44803.0
3161650,49928.0
3161700,325637.0
3161809,311147.0
3161908,7603788.0
3162005,986478.0
3162104,1189028.0
3162203,268082.0
3162252,60402.0
3162302,55081.0
3162401,269275.0
3162450,92410.0
3162500,3003942.0
3162559,183076.0
3162575,81210.0
3162609,101830.0
3162658,44651.0
3162708,285026.0
3162807,253189.0
3162906,506005.0
3162922,1083056.0
3162948,891414.0
3162955,624432.0
3163003,49538.0
3163102,114569.0
3163201,57941.0
3163300,53035.0
3163409,67369.0
3163508,99880.0
3163607,44165.0
3163706,1177795.0
3163805,105060.0
3163904,148147.0
3164001,134364.0
3164100,81769.0
3164209,243070.0
3164308,323179.0
3164407,442552.0
3164431,66796.0
3164472,104236.0
3164506,100804.0
3164605,596667.0
3164704,2234341.0
3164803,25965.0
3164902,35675.0
3165008,246013.0
3165107,195196.0
3165206,137341.0
3165305,206080.0
3165404,110258.0
3165503,68811.0
3165537,2190346.0
3165552,122713.0
3165560,36660.0
3165578,89404.0
3165602,38033.0
3165701,106704.0
3165800,35501.0
3165909,92204.0
3166006,81065.0
3166105,49708.0
3166204,115731.0
3166303,104954.0
3166402,45221.0
3166501,45048.0
3166600,21916.0
3166709,93122.0
3166808,983425.0
3166907,161680.0
3166956,47445.0
3167004,38551.0
3167103,292378.0
3167202,12655800.0
3167301,35131.0
3167400,141500.0
3167509,103933.0
3167608,285219.0
3167707,67350.0
3167806,81837.0
3167905,65697.0
3168002,557221.0
3168051,49071.0
3168101,688692.0
3168200,56050.0
3168309,65923.0
3168408,188289.0
3168507,191264.0
3168606,2952020.0
3168705,5609602.0
3168804,205615.0
3168903,379852.0
3169000,349351.0
3169059,70715.0
3169109,107093.0
3169208,130946.0
3169307,2958952.0
3169356,3149734.0
3169406,1877754.0
3169505,83258.0
3169604,946266.0
3169703,443537.0
3169802,139823.0
3169901,3557764.0
3170008,117187.0
3170057,167976.0
3170107,20384265.0
3170206,43030885.0
3170305,44152.0
3170404,4316723.0
3170438,130400.0
3170479,97089.0
3170503,239904.0
3170529,193218.0
3170578,77359.0
3170602,87624.0
3170651,68132.0
3170701,8093504.0
3170750,316498.0
3170800,1087380.0
3170909,187195.0
3171006,1168800.0
3171030,115440.0
3171071,133100.0
3171105,170416.0
3171154,64212.0
3171204,3019114.0
3171303,1811350.0
3171402,53436.0
3171501,43983.0
3171600,131570.0
3171709,180396.0
3171808,183972.0
3171907,62673.0
3172004,1349239.0
3172103,139852.0
3172202,33070.0
3200102,569778.0
3200136,246002.0
3200169,184400.0
3200201,575149.0
3200300,457723.0
3200359,113033.0
3200409,5764186.0
3200508,118191.0
3200607,5313109.0
3200706,360869.0
3200805,928258.0
3200904,1164997.0
3201001,271046.0
3201100,186830.0
3201159,294749.0
3201209,6146965.0
3201308,13698899.0
3201407,1170584.0
3201506,4378290.0
3201605,607064.0
3201704,279074.0
3201803,82577.0
3201902,957718.0
3202009,159784.0
3202108,411088.0
3202207,468483.0
3202256,334325.0
3202306,612499.0
3202405,2537477.0
3202454,450083.0
3202504,289513.0
3202553,171980.0
3202603,314849.0
3202652,236221.0
3202702,325864.0
3202801,5744177.0
3202900,266025.0
3203007,538442.0
3203056,963633.0
3203106,172122.0
3203130,646257.0
3203163,187686.0
3203205,8036037.0
3203304,203073.0
3203320,6659691.0
3203346,516900.0
3203353,312890.0
3203403,607403.0
3203502,410502.0
3203601,96748.0
3203700,383337.0
3203809,234318.0
3203908,1339629.0
3204005,358499.0
3204054,401435.0
3204104,861689.0
3204203,876048.0
3204252,107547.0
3204302,6811823.0
3204351,525681.0
3204401,229881.0
3204500,330157.0
3204559,1631412.0
3204609,577198.0
3204658,331338.0
3204708,762078.0
3204807,203594.0
3204906,2947650.0
3204955,228985.0
3205002,37279144.0
3205010,667554.0
3205036,430103.0
3205069,702150.0
3205101,4227430.0
3205150,180641.0
3205176,434064.0
3205200,16305901.0
3205309,31423978.0
3300100,11194157.0
3300159,249119.0
3300209,4234217.0
3300225,427436.0
3300233,2970297.0
3300258,2705450.0
3300308,2713890.0
3300407,6449270.0
3300456,8839736.0
3300506,887295.0
3300605,908156.0
3300704,12359509.0
3300803,1305498.0
3300902,399847.0
3300936,726756.0
3300951,603969.0
3301009,37179716.0
3301108,841413.0
3301157,395476.0
3301207,561273.0
3301306,2352145.0
3301405,434135.0
3301504,456168.0
3301603,249214.0
3301702,53136504.0
3301801,406735.0
3301850,1363992.0
3301876,631393.0
3301900,5640678.0
3302007,10502682.0
3302056,418759.0
3302106,635888.0
3302205,3394940.0
3302254,6893408.0
3302270,1530183.0
3302304,184160.0
3302403,17746787.0
3302452,214870.0
3302502,4765781.0
3302601,3211861.0
3302700,85814188.0
3302809,357688.0
3302858,2619212.0
3302908,632498.0
3303005,662180.0
3303104,324261.0
3303203,3059459.0
3303302,66345488.0
3303401,6324877.0
3303500,17794452.0
3303609,1162875.0
3303708,1253017.0
3303807,1955280.0
3303856,684851.0
3303906,15665370.0
3303955,1452638.0
3304003,2449973.0
3304102,415943.0
3304110,4245725.0
3304128,305010.0
3304144,4361684.0
3304151,5996886.0
3304201,10754357.0
3304300,1831391.0
3304409,435959.0
3304508,294384.0
3304524,8948996.0
3304557,359632648.0
3304607,234575.0
3304706,1284632.0
3304755,1184513.0
3304805,845178.0
3304904,20324752.0
3305000,9886849.0
3305109,8963716.0
3305133,196857.0
3305158,744334.0
3305208,2743637.0
3305307,241281.0
3305406,1000567.0
3305505,42178159.0
3305554,4777005.0
3305604,602627.0
3305703,600250.0
3305752,694534.0
3305802,5923899.0
3305901,242013.0
3306008,6348140.0
3306107,3122592.0
3306156,264149.0
3306206,1321254.0
3306305,19671203.0
3500105,1370866.0
3500204,115490.0
3500303,1314737.0
3500402,209004.0
3500501,585604.0
3500550,217296.0
3500600,147855.0
3500709,2638623.0
3500758,129390.0
3500808,120355.0
3500907,112274.0
3501004,833396.0
3501103,113585.0
3501152,3982313.0
3501202,124351.0
3501301,709876.0
3501400,58586.0
3501509,58405.0
3501608,15217280.0
3501707,1230444.0
3501806,126802.0
3501905,5152156.0
3502002,208314.0
3502101,2845285.0
3502200,1474152.0
3502309,169558.0
3502408,105621.0
3502507,1041067.0
3502606,151540.0
3502705,897713.0
3502754,4814504.0
3502804,9017953.0
3502903,1205884.0
3503000,150277.0
3503109,194818.0
3503158,45568.0
3503208,11953237.0
3503307,6942567.0
3503356,62096.0
3503406,227079.0
3503505,58113.0
3503604,163060.0
3503703,1136911.0
3503802,1721737.0
3503901,8293370.0
3503950,39546.0
3504008,4082516.0
3504107,8361032.0
3504206,358544.0
3504305,376094.0
3504404,199389.0
3504503,3278922.0
3504602,551849.0
3504701,65400.0
3504800,278642.0
3504909,216018.0
3505005,74956.0
3505104,109125.0
3505203,1623406.0
3505302,1515653.0
3505351,133738.0
3505401,125821.0
3505500,5903516.0
3505609,624816.0
3505708,58027667.0
3505807,1067217.0
3505906,2416803.0
3506003,16721368.0
3506102,4080485.0
3506201,210460.0
3506300,377950.0
3506359,2067677.0
3506409,292577.0
3506508,3947388.0
3506607,971016.0
3506706,380753.0
3506805,281964.0
3506904,212434.0
3507001,3393229.0
3507100,1463036.0
3507159,63857.0
3507209,74195.0
3507308,519153.0
3507407,518182.0
3507456,73943.0
3507506,5979359.0
3507605,7954300.0
3507704,120687.0
3507753,75675.0
3507803,894831.0
3507902,1123987.0
3508009,684130.0
3508108,627565.0
3508207,244488.0
3508306,102882.0
3508405,5961333.0
3508504,5214553.0
3508603,673632.0
3508702,574395.0
3508801,682544.0
3508900,69806.0
3509007,4858858.0
3509106,96255.0
3509205,22713160.0
3509254,1755226.0
3509304,170916.0
3509403,761749.0
3509452,151087.0
3509502,72946910.0
3509601,2530950.0
3509700,1449808.0
3509809,194705.0
3509908,264410.0
3509957,130060.0
3510005,1518347.0
3510104,107108.0
3510153,164319.0
3510203,1269097.0
3510302,392354.0
3510401,2990810.0
3510500,4532236.0
3510609,6854706.0
3510708,321120.0
3510807,1179142.0
3510906,293111.0
3511003,1388287.0
3511102,5218361.0
3511201,152902.0
3511300,533104.0
3511409,956914.0
3511508,2343906.0
3511607,740569.0
3511706,515123.0
3511904,186411.0
3512001,1541673.0
3512100,373219.0
3512209,859274.0
3512308,432993.0
3512407,4107826.0
3512506,218777.0
3512605,141158.0
3512704,345026.0
3512803,2109640.0
3512902,506809.0
3513009,16114165.0
3513108,1753137.0
3513207,346566.0
3513306,137664.0
3513405,3182373.0
3513504,21946472.0
3513603,326362.0
3513702,2081162.0
3513801,18484356.0
3513850,69827.0
3513900,491457.0
3514007,138927.0
3514106,835299.0
3514205,58947.0
3514304,802299.0
3514403,1444978.0
3514502,252626.0
3514601,342332.0
3514700,152432.0
3514809,329349.0
3514908,1004655.0
3514924,76051.0
3514957,57200.0
3515004,14314754.0
3515103,1456125.0
3515129,79175.0
3515152,661053.0
3515186,2065824.0
3515194,91772.0
3515202,753257.0
3515301,62446.0
3515350,136498.0
3515400,473712.0
3515509,2468766.0
3515608,205594.0
3515657,80954.0
3515707,4740673.0
3515806,42156.0
3515905,81886.0
3516002,264841.0
3516101,171949.0
3516200,11276086.0
3516309,1872467.0
3516408,4297871.0
3516507,93705.0
3516606,172719.0
3516705,1725228.0
3516804,85828.0
3516853,1184185.0
3516903,275099.0
3517000,215988.0
3517109,125314.0
3517208,232241.0
3517307,442962.0
3517406,2704845.0
3517505,896415.0
3517604,439112.0
3517703,618205.0
3517802,326572.0
3517901,375453.0
3518008,37040.0
3518107,196319.0
3518206,1199678.0
3518305,1546741.0
3518404,7877882.0
3518503,313681.0
3518602,1135134.0
3518701,10494252.0
3518800,77376425.0
3518859,245363.0
3518909,93585.0
3519006,355955.0
3519055,1463401.0
3519071,18377822.0
3519105,658010.0
3519204,316795.0
3519253,168922.0
3519303,1159253.0
3519402,318126.0
3519501,244614.0
3519600,1965223.0
3519709,2370586.0
3519808,209289.0
3519907,434356.0
3520004,381185.0
3520103,1299637.0
3520202,240165.0
3520301,1588620.0
3520400,13956618.0
3520426,1363561.0
3520442,706075.0
3520509,22817117.0
3520608,86968.0
3520707,111103.0
3520806,136681.0
3520905,499099.0
3521002,969694.0
3521101,947912.0
3521150,124259.0
3521200,63459.0
3521309,442715.0
3521408,2127925.0
3521507,186223.0
3521606,109595.0
3521705,1016119.0
3521804,924897.0
3521903,935220.0
3522000,232257.0
3522109,2369275.0
3522158,53345.0
3522208,4909299.0
3522307,6359723.0
3522406,3788992.0
3522505,12854995.0
3522604,4756331.0
3522653,52590.0
3522703,1630820.0
3522802,305514.0
3522901,1003729.0
3523008,104628.0
3523107,9519618.0
3523206,1182424.0
3523305,438980.0
3523404,8245498.0
3523503,396660.0
3523602,1273184.0
3523701,161835.0
3523800,198366.0
3523909,10540813.0
3524006,8423279.0
3524105,1907193.0
3524204,153278.0
3524303,3601183.0
3524402,16080494.0
3524501,676808.0
3524600,531089.0
3524709,13981302.0
3524808,1982125.0
3524907,352904.0
3525003,4908360.0
3525102,1580760.0
3525201,2997400.0
3525300,5582395.0
3525409,168937.0
3525508,261558.0
3525607,148675.0
3525706,1381751.0
3525805,58843.0
3525854,214000.0
3525904,57670893.0
3526001,807879.0
3526100,366459.0
3526209,573997.0
3526308,73967.0
3526407,1411101.0
3526506,184896.0
3526605,133317.0
3526704,4101867.0
3526803,4924228.0
3526902,16060739.0
3527009,246179.0
3527108,6763890.0
3527207,3876663.0
3527256,43489.0
3527306,19677151.0
3527405,584271.0
3527504,70465.0
3527603,1556607.0
3527702,93809.0
3527801,98337.0
3527900,101173.0
3528007,643783.0
3528106,196952.0
3528205,90931.0
3528304,104128.0
3528403,2695116.0
3528502,2288092.0
3528601,291908.0
3528700,157011.0
3528809,517398.0
3528858,119694.0
3528908,76482.0
3529005,9756006.0
3529104,40067.0
3529203,754950.0
3529302,5356571.0
3529401,20776213.0
3529500,374785.0
3529609,393842.0
3529658,81615.0
3529708,1016137.0
3529807,226257.0
3529906,456953.0
3530003,70362.0
3530102,738742.0
3530201,606917.0
3530300,2660334.0
3530409,213295.0
3530508,3043692.0
3530607,19604517.0
3530706,6865386.0
3530805,6313564.0
3530904,124517.0
3531001,58262.0
3531100,1254605.0
3531209,252218.0
3531308,2435240.0
3531407,766600.0
3531506,639162.0
3531605,128088.0
3531704,83030.0
3531803,4317764.0
3531902,1225918.0
3532009,633324.0
3532058,120696.0
3532108,88027.0
3532157,142301.0
3532207,639076.0
3532306,93391.0
3532405,465371.0
3532504,276248.0
3532603,367777.0
3532702,95892.0
3532801,325933.0
3532827,221079.0
3532843,46305.0
3532868,60665.0
3532900,377461.0
3533007,512829.0
3533106,36775.0
3533205,213155.0
3533254,78660.0
3533304,60214.0
3533403,4020494.0
3533502,1585955.0
3533601,868092.0
3533700,141366.0
3533809,128272.0
3533908,2551145.0
3534005,205636.0
3534104,129763.0
3534203,640841.0
3534302,2579406.0
3534401,86111260.0
3534500,112882.0
3534609,1087490.0
3534708,3961571.0
3534757,548740.0
3534807,134986.0
3534906,217695.0
3535002,420420.0
3535101,136419.0
3535200,215050.0
3535309,900627.0
3535408,317826.0
3535507,1801748.0
3535606,352398.0
3535705,275313.0
3535804,945145.0
3535903,133065.0
3536000,741786.0
3536109,368271.0
3536208,586024.0
3536257,53620.0
3536307,1360809.0
3536406,200145.0
3536505,52389437.0
3536570,48637.0
3536604,269675.0
3536703,3066261.0
3536802,118076.0
3536901,79887.0
3537008,1731364.0
3537107,1502008.0
3537156,176652.0
3537206,178609.0
3537305,2082458.0
3537404,1087485.0
3537503,317964.0
3537602,1966247.0
3537701,119025.0
3537800,1597083.0
3537909,1276180.0
3538006,13742498.0
3538105,498801.0
3538204,314651.0
3538303,67093.0
3538501,197854.0
3538600,661696.0
3538709,34555724.0
3538808,926203.0
3538907,540058.0
3539004,364798.0
3539103,826672.0
3539202,927781.0
3539301,3312332.0
3539400,278467.0
3539509,1389561.0
3539608,193762.0
3539707,120019.0
3539806,3769347.0
3539905,154423.0
3540002,1951861.0
3540101,94399.0
3540200,1462865.0
3540259,98030.0
3540309,126663.0
3540408,117260.0
3540507,233734.0
3540606,3754666.0
3540705,2495873.0
3540754,308459.0
3540804,620169.0
3540853,40969.0
3540903,1096526.0
3541000,8727831.0
3541059,126367.0
3541109,77333.0
3541208,331914.0
3541307,1325522.0
3541406,9242189.0
3541505,823130.0
3541604,2115365.0
3541653,144523.0
3541703,821159.0
3541802,684733.0
3541901,388523.0
3542008,276284.0
3542107,442883.0
3542206,1381836.0
3542305,66825.0
3542404,983725.0
3542503,184875.0
3542602,2357409.0
3542701,211752.0
3542800,62081.0
3542909,371778.0
3543006,595499.0
3543105,319058.0
3543204,224363.0
3543238,47001.0
3543253,116992.0
3543303,3891003.0
3543402,39955306.0
3543501,92796.0
3543600,191158.0
3543709,226043.0
3543808,349026.0
3543907,13245336.0
3544004,1787681.0
3544103,960727.0
3544202,268963.0
3544251,1941772.0
3544301,374786.0
3544400,78950.0
3544509,102857.0
3544608,175476.0
3544707,54769.0
3544806,169480.0
3544905,417237.0
3545001,251752.0
3545100,96895.0
3545159,377871.0
3545209,9303487.0
3545308,2221477.0
3545407,273943.0
3545506,318810.0
3545605,382546.0
3545704,214791.0
3545803,7825507.0
3546009,312819.0
3546108,96783.0
3546207,161651.0
3546256,63457.0
3546306,655974.0
3546405,2786906.0
3546504,104373.0
3546603,1344881.0
3546702,3895818.0
3546801,1658733.0
3546900,131128.0
3547007,153024.0
3547106,69068.0
3547205,39913.0
3547304,11544903.0
3547403,68135.0
3547502,825835.0
3547601,833444.0
3547650,42106.0
3547700,555801.0
3547809,32620295.0
3547908,211522.0
3548005,1870734.0
3548054,289678.0
3548104,222833.0
3548203,148429.0
3548302,47273.0
3548401,80653.0
3548500,24090173.0
3548609,406647.0
3548708,58277014.0
3548807,15566768.0
3548906,14141854.0
3549003,51168.0
3549102,4135190.0
3549201,52612.0
3549250,51478.0
3549300,58493.0
3549409,2191086.0
3549508,231517.0
3549607,63347.0
3549706,2375167.0
3549805,20962615.0
3549904,45208808.0
3549953,285412.0
3550001,204219.0
3550100,1340317.0
3550209,954225.0
3550308,828980747.0
3550407,886336.0
3550506,234365.0
3550605,3450779.0
3550704,16008645.0
3550803,428492.0
3550902,501327.0
3551009,6121259.0
3551108,203911.0
3551207,96558.0
3551306,417499.0
3551405,195523.0
3551504,1349050.0
3551603,845122.0
3551702,7109022.0
3551801,379170.0
3551900,271912.0
3552007,92559.0
3552106,1120219.0
3552205,44533398.0
3552304,226784.0
3552403,16179892.0
3552502,14811514.0
3552551,341981.0
3552601,287137.0
3552700,340423.0
3552809,10291072.0
3552908,186412.0
3553005,343428.0
3553104,109907.0
3553203,139651.0
3553302,700419.0
3553401,1323570.0
3553500,185138.0
3553609,301185.0
3553658,46862.0
3553708,1660014.0
3553807,988152.0
3553856,367324.0
3553906,168350.0
3553955,897036.0
3554003,5076193.0
3554102,16199986.0
3554201,138116.0
3554300,627028.0
3554409,174935.0
3554508,2158402.0
3554607,66301.0
3554656,37757.0
3554706,284592.0
3554755,44920.0
3554805,896634.0
3554904,122036.0
3554953,181790.0
3555000,2213337.0
3555109,340357.0
3555208,56425.0
3555307,73692.0
3555356,212639.0
3555406,2705941.0
3555505,114468.0
3555604,401841.0
3555703,57595.0
3555802,286014.0
3555901,46392.0
3556008,483325.0
3556107,437546.0
3556206,7969200.0
3556305,1236297.0
3556354,153401.0
3556404,1287339.0
3556453,2898203.0
3556503,3965839.0
3556602,240193.0
3556701,12557909.0
3556800,443704.0
3556909,425058.0
3556958,45179.0
3557006,3919236.0
3557105,3862540.0
3557154,130189.0
3557204,266345.0
3557303,389432.0
4100103,221817.0
4100202,368854.0
4100301,216904.0
4100400,1936255.0
4100459,96207.0
4100509,462493.0
4100608,436261.0
4100707,410780.0
4100806,338359.0
4100905,121114.0
4101002,750364.0
4101051,115042.0
4101101,816503.0
4101150,154197.0
4101200,700871.0
4101309,233345.0
4101408,3874080.0
4101507,4953989.0
4101606,1447431.0
4101655,152146.0
4101705,547353.0
4101804,25266761.0
4101853,128974.0
4101903,539552.0
4102000,1633260.0
4102109,882920.0
4102208,177304.0
4102307,926185.0
4102406,1033468.0
4102505,299363.0
4102604,264230.0
4102703,150148.0
4102752,106924.0
4102802,523791.0
4102901,552342.0
4103008,285689.0
4103024,142607.0
4103040,361490.0
4103057,185315.0
4103107,280327.0
4103156,115670.0
4103206,157269.0
4103222,300056.0
4103305,245673.0
4103354,241526.0
4103370,275949.0
4103404,114049.0
4103453,1949226.0
4103479,148983.0
4103503,253205.0
4103602,819036.0
4103701,5029902.0
4103800,280211.0
4103909,578373.0
4103958,150370.0
4104006,2176024.0
4104055,224661.0
4104105,261270.0
4104204,5733187.0
4104253,541601.0
4104303,5147310.0
4104402,421637.0
4104428,850048.0
4104451,335944.0
4104501,1106692.0
4104600,1255526.0
4104659,1578833.0
4104709,458638.0
4104808,15786905.0
4104907,3631156.0
4105003,355951.0
4105102,440499.0
4105201,405086.0
4105300,942758.0
4105409,909271.0
4105508,3039716.0
4105607,431473.0
4105706,837980.0
4105805,5693870.0
4105904,796267.0
4106001,285617.0
4106100,152425.0
4106209,557577.0
4106308,1064177.0
4106407,1812202.0
4106456,323716.0
4106506,887309.0
4106555,87683.0
4106571,177173.0
4106605,859368.0
4106704,205351.0
4106803,505066.0
4106852,151165.0
4106902,98000491.0
4107009,276029.0
4107108,298207.0
4107124,74736.0
4107157,128031.0
4107207,2026447.0
4107256,841228.0
4107306,200365.0
4107405,311321.0
4107504,566606.0
4107520,65236.0
4107538,313143.0
4107546,162811.0
4107553,215732.0
4107603,500122.0
4107652,3322418.0
4107702,212862.0
4107736,253838.0
4107751,161492.0
4107801,239257.0
4107850,182643.0
4107900,271124.0
4108007,400285.0
4108106,80573.0
4108205,370767.0
4108304,18969029.0
4108320,290544.0
4108403,3694539.0
4108452,184044.0
4108502,445472.0
4108551,72426.0
4108601,1074370.0
4108650,309145.0
4108700,172728.0
4108809,1139934.0
4108908,273736.0
4108957,295065.0
4109005,176952.0
4109104,78139.0
4109203,223863.0
4109302,512014.0
4109401,8309024.0
4109500,118152.0
4109609,982125.0
4109658,298546.0
4109708,878434.0
4109757,182341.0
4109807,3313394.0
4109906,249550.0
4110003,212505.0
4110052,83996.0
4110078,276156.0
4110102,1290790.0
4110201,265709.0
4110300,58312.0
4110409,507444.0
4110508,615190.0
4110607,597062.0
4110656,194366.0
4110706,2286211.0
4110805,354163.0
4110904,121778.0
4110953,524784.0
4111001,223622.0
4111100,228333.0
4111209,753014.0
4111258,626927.0
4111308,87750.0
4111407,497707.0
4111506,947821.0
4111555,203930.0
4111605,143593.0
4111704,160051.0
4111803,1598029.0
4111902,1049382.0
4112009,1788853.0
4112108,790155.0
4112207,241936.0
4112306,163418.0
4112405,321178.0
4112504,374099.0
4112603,57044.0
4112702,282676.0
4112751,441972.0
4112801,680977.0
4112900,128060.0
4112959,440931.0
4113007,405133.0
4113106,165650.0
4113205,2841179.0
4113254,113016.0
4113304,1027729.0
4113403,227372.0
4113429,125681.0
4113452,200871.0
4113502,697950.0
4113601,215564.0
4113700,23603698.0
4113734,546858.0
4113759,142210.0
4113809,131498.0
4113908,758397.0
4114005,793177.0
4114104,687733.0
4114203,1835706.0
4114302,665013.0
4114351,81472.0
4114401,1773268.0
4114500,531488.0
4114609,2923749.0
4114708,134443.0
4114807,2654433.0
4114906,466433.0
4115002,174490.0
4115101,284359.0
4115200,22655738.0
4115309,439911.0
4115358,478110.0
4115408,635104.0
4115457,111454.0
4115507,103451.0
4115606,1096366.0
4115705,892232.0
4115739,123187.0
4115754,373698.0
4115804,2442040.0
4115853,278211.0
4115903,126635.0
4116000,52324.0
4116059,466420.0
4116109,306144.0
4116208,389211.0
4116307,136929.0
4116406,99515.0
4116505,51926.0
4116604,97600.0
4116703,819755.0
4116802,348087.0
4116901,943181.0
4116950,164792.0
4117008,314928.0
4117057,308284.0
4117107,442935.0
4117206,109207.0
4117214,110742.0
4117222,439747.0
4117255,492498.0
4117271,189788.0
4117297,91407.0
4117305,2726430.0
4117404,166696.0
4117453,318622.0
4117503,1057696.0
4117602,1616525.0
4117701,1642026.0
4117800,330837.0
4117909,2815815.0
4118006,377239.0
4118105,325522.0
4118204,13646908.0
4118303,92021.0
4118402,3179798.0
4118451,243483.0
4118501,4548086.0
4118600,439962.0
4118709,396724.0
4118808,454229.0
4118857,281883.0
4118907,359685.0
4119004,237952.0
4119103,919729.0
4119152,7962954.0
4119202,251475.0
4119251,80246.0
4119301,1794773.0
4119400,1191670.0
4119509,1543847.0
4119608,1140790.0
4119657,121843.0
4119707,103914.0
4119806,425326.0
4119905,19490249.0
4119954,653317.0
4120002,554196.0
4120101,163131.0
4120150,170013.0
4120200,108611.0
4120309,98738.0
4120333,170927.0
4120358,329443.0
4120408,147400.0
4120507,371262.0
4120606,1571730.0
4120655,363003.0
4120705,212114.0
4120804,1941120.0
4120853,253567.0
4120903,1466517.0
4121000,261216.0
4121109,257471.0
4121208,509137.0
4121257,113774.0
4121307,185651.0
4121356,234807.0
4121406,743082.0
4121505,536432.0
4121604,422523.0
4121703,757378.0
4121752,260028.0
4121802,383691.0
4121901,338041.0
4122008,729564.0
4122107,104362.0
4122156,441514.0
4122172,115554.0
4122206,1375599.0
4122305,1298354.0
4122404,3574945.0
4122503,598091.0
4122602,350064.0
4122651,129868.0
4122701,705318.0
4122800,124341.0
4122909,103656.0
4123006,529891.0
4123105,100856.0
4123204,153510.0
4123303,375096.0
4123402,319674.0
4123501,1465191.0
4123600,51485.0
4123709,253123.0
4123808,466992.0
4123824,140108.0
4123857,267310.0
4123907,493066.0
4123956,91009.0
4124004,171601.0
4124020,582095.0
4124053,687337.0
4124103,1505597.0
4124202,54056.0
4124301,106892.0
4124400,648290.0
4124509,532112.0
4124608,396026.0
4124707,322891.0
4124806,890618.0
4124905,154592.0
4125001,361197.0
4125100,579555.0
4125209,473334.0
4125308,401315.0
4125357,145367.0
4125407,229785.0
4125456,99024.0
4125506,27008910.0
4125555,62338.0
4125605,1516858.0
4125704,1470081.0
4125753,247154.0
4125803,370121.0
4125902,90323.0
4126009,300152.0
4126108,163463.0
4126207,153880.0
4126256,2072735.0
4126272,786318.0
4126306,664790.0
4126355,291329.0
4126405,416451.0
4126504,690780.0
4126603,706556.0
4126652,158520.0
4126678,391581.0
4126702,126316.0
4126801,496650.0
4126900,153423.0
4127007,616404.0
4127106,4913441.0
4127205,569416.0
4127304,376155.0
4127403,896105.0
4127502,1440060.0
4127601,576384.0
4127700,7482190.0
4127809,324156.0
4127858,435956.0
4127882,144129.0
4127908,233721.0
4127957,431427.0
4127965,601622.0
4128005,1713942.0
4128104,4103610.0
4128203,1959155.0
4128302,99878.0
4128401,367846.0
4128500,711221.0
4128534,347603.0
4128559,341108.0
4128609,499728.0
4128625,113661.0
4128633,99207.0
4128658,189728.0
4128708,498334.0
4128807,119631.0
4200051,75131.0
4200101,785908.0
4200200,396148.0
4200309,232893.0
4200408,651092.0
4200507,137707.0
4200556,163075.0
4200606,199590.0
4200705,336469.0
4200754,78996.0
4200804,203805.0
4200903,174561.0
4201000,231507.0
4201109,84568.0
4201208,796531.0
4201257,442460.0
4201273,284414.0
4201307,7488000.0
4201406,2385270.0
4201505,272106.0
4201604,125953.0
4201653,203872.0
4201703,244991.0
4201802,125981.0
4201901,406918.0
4201950,221907.0
4202008,7358669.0
4202057,254639.0
4202073,216995.0
4202081,102212.0
4202099,52281.0
4202107,2372445.0
4202131,196847.0
4202156,57652.0
4202206,470160.0
4202305,2670278.0
4202404,20579490.0
4202438,135898.0
4202453,877594.0
4202503,371658.0
4202537,159057.0
4202578,73702.0
4202602,422363.0
4202701,430641.0
4202800,1745017.0
4202859,250151.0
4202875,137959.0
4202909,8724534.0
4203006,4703416.0
4203105,316775.0
4203154,97691.0
4203204,2242672.0
4203253,235019.0
4203303,699703.0
4203402,333024.0
4203501,437829.0
4203600,2610347.0
4203709,295662.0
4203808,2203147.0
4203907,1070740.0
4203956,1348603.0
4204004,530881.0
4204103,164148.0
4204152,65903.0
4204178,141416.0
4204194,97932.0
4204202,13694780.0
4204251,888493.0
4204301,4559829.0
4204350,434573.0
4204400,381583.0
4204459,57378.0
4204509,797605.0
4204558,591364.0
4204608,10065323.0
4204707,927562.0
4204756,66625.0
4204806,1875348.0
4204905,299006.0
4205001,636297.0
4205100,165733.0
4205159,175716.0
4205175,60606.0
4205191,176552.0
4205209,183149.0
4205308,758371.0
4205357,64278.0
4205407,23559947.0
4205431,78637.0
4205456,1224548.0
4205506,1273659.0
4205555,102098.0
4205605,99963.0
4205704,773365.0
4205803,2033242.0
4205902,4157383.0
4206009,449768.0
4206108,329166.0
4206207,387304.0
4206306,1262926.0
4206405,454637.0
4206504,2514410.0
4206603,202565.0
4206652,354999.0
4206702,624023.0
4206751,75608.0
4206801,145418.0
4206900,599219.0
4207007,3521710.0
4207106,1215356.0
4207205,252843.0
4207304,2502978.0
4207403,260687.0
4207502,3675993.0
4207577,227780.0
4207601,107135.0
4207650,381311.0
4207684,321243.0
4207700,465730.0
4207759,133806.0
4207809,282690.0
4207858,56619.0
4207908,458977.0
4208005,404732.0
4208104,1047675.0
4208203,47757207.0
4208302,2889464.0
4208401,1064833.0
4208450,1688955.0
4208500,1399717.0
4208609,181354.0
4208708,529785.0
4208807,852029.0
4208906,12053539.0
4208955,67321.0
4209003,2381234.0
4209102,45074735.0
4209151,130477.0
4209177,88240.0
4209201,137761.0
4209300,6577420.0
4209409,1093923.0
4209458,59139.0
4209508,444804.0
4209607,418821.0
4209706,416800.0
4209805,119785.0
4209854,151920.0
4209904,466218.0
4210001,792775.0
4210035,292995.0
4210050,59147.0
4210100,2490227.0
4210209,62144.0
4210308,300319.0
4210407,273081.0
4210506,1794179.0
4210555,97312.0
4210605,751874.0
4210704,62590.0
4210803,340386.0
4210852,89444.0
4210902,170306.0
4211009,1089189.0
4211058,233427.0
4211108,237437.0
4211207,922592.0
4211256,145130.0
4211306,6143029.0
4211405,248377.0
4211454,189439.0
4211504,691559.0
4211603,1074610.0
4211652,119844.0
4211702,1188044.0
4211751,998100.0
4211801,252631.0
4211850,137266.0
4211876,58314.0
4211892,84941.0
4211900,8210037.0
4212007,332287.0
4212056,187897.0
4212106,913813.0
4212205,853826.0
4212239,143301.0
4212254,237368.0
4212270,175185.0
4212304,250073.0
4212403,243931.0
4212502,1037153.0
4212601,120957.0
4212650,119468.0
4212700,223564.0
4212809,1513947.0
4212908,1514219.0
4213005,227282.0
4213104,801159.0
4213153,141935.0
4213203,2806453.0
4213302,175776.0
4213351,166641.0
4213401,291075.0
4213500,1472149.0
4213609,1149833.0
4213708,719081.0
4213807,223279.0
4213906,75923.0
4214003,985125.0
4214102,62744.0
4214151,135911.0
4214201,462642.0
4214300,165751.0
4214409,288090.0
4214508,212941.0
4214607,276136.0
4214706,475005.0
4214805,3690347.0
4214904,302785.0
4215000,1614643.0
4215059,70066.0
4215075,147665.0
4215109,390081.0
4215208,111333.0
4215307,318174.0
4215356,93630.0
4215406,266923.0
4215455,466692.0
4215505,662060.0
4215554,103613.0
4215604,72830.0
4215653,199094.0
4215679,268988.0
4215687,65119.0
4215695,48482.0
4215703,1256507.0
4215752,88164.0
4215802,4697511.0
4215901,112432.0
4216008,520825.0
4216057,219812.0
4216107,450004.0
4216206,8516615.0
4216255,353230.0
4216305,1029819.0
4216354,338152.0
4216404,282920.0
4216503,1133378.0
4216602,13840195.0
4216701,568200.0
4216800,318824.0
4216909,1389521.0
4217006,929265.0
4217105,109266.0
4217154,50300.0
4217204,2174480.0
4217253,101140.0
4217303,527168.0
4217402,759499.0
4217501,1178644.0
4217550,118038.0
4217600,679557.0
4217709,910386.0
4217758,83395.0
4217808,844678.0
4217907,600872.0
4217956,65554.0
4218004,2438156.0
4218103,154885.0
4218202,2534741.0
4218251,303296.0
4218301,1522852.0
4218350,232257.0
4218400,199732.0
4218509,829532.0
4218608,437965.0
4218707,4817596.0
4218756,182316.0
4218806,737916.0
4218855,85132.0
4218905,356315.0
4218954,88459.0
4219002,1087691.0
4219101,201010.0
4219150,116146.0
4219176,539920.0
4219200,354849.0
4219309,3456102.0
4219358,142288.0
4219408,175208.0
4219507,2639977.0
4219606,211880.0
4219705,1471922.0
4219853,103657.0
4220000,294751.0
4300034,458226.0
4300059,547413.0
4300109,667877.0
4300208,521060.0
4300307,162073.0
4300406,3079886.0
4300455,156623.0
4300471,276412.0
4300505,196384.0
4300554,106142.0
4300570,161549.0
4300604,3302273.0
4300638,147633.0
4300646,177772.0
4300661,193090.0
4300703,322293.0
4300802,797513.0
4300851,285089.0
4300877,236432.0
4300901,946972.0
4301008,1536560.0
4301057,285580.0
4301073,76785.0
4301107,357348.0
4301206,429273.0
4301305,1131512.0
4301404,336248.0
4301503,504184.0
4301552,163439.0
4301602,3748437.0
4301636,312095.0
4301651,308102.0
4301701,341674.0
4301750,142319.0
4301800,317085.0
4301859,56812.0
4301875,386183.0
4301909,507428.0
4301925,80748.0
4301958,165030.0
4302006,244514.0
4302055,49314.0
4302105,7498525.0
4302154,238522.0
4302204,326887.0
4302220,468752.0
4302238,384174.0
4302253,120127.0
4302303,613624.0
4302352,906596.0
4302378,86280.0
4302402,403056.0
4302451,150395.0
4302501,490599.0
4302584,227410.0
4302600,130949.0
4302659,117701.0
4302709,543351.0
4302808,1122674.0
4302907,623088.0
4303004,3542706.0
4303103,6458504.0
4303202,169236.0
4303301,264916.0
4303400,149122.0
4303509,2723674.0
4303558,520483.0
4303608,242578.0
4303673,204703.0
4303707,239170.0
4303806,399404.0
4303905,3600083.0
4304002,325740.0
4304101,150034.0
4304200,1078191.0
4304309,358438.0
4304358,2744010.0
4304408,1595265.0
4304507,1660011.0
4304606,21995418.0
4304614,67988.0
4304622,342053.0
4304630,1966028.0
4304655,644965.0
4304663,830088.0
4304671,386834.0
4304689,298588.0
4304697,95379.0
4304705,3846858.0
4304713,165661.0
4304804,3529584.0
4304853,70447.0
4304903,717921.0
4304952,199197.0
4305009,638112.0
4305108,31688552.0
4305116,120779.0
4305124,161328.0
4305132,90159.0
4305157,74182.0
4305173,203184.0
4305207,796777.0
4305306,741828.0
4305355,1736983.0
4305371,149352.0
4305405,388836.0
4305439,370303.0
4305447,129741.0
4305454,362063.0
4305504,264361.0
4305587,87210.0
4305603,338158.0
4305702,624707.0
4305801,432350.0
4305835,52164.0
4305850,190145.0
4305871,226126.0
4305900,515154.0
4305934,49060.0
4305959,167929.0
4305975,422465.0
4306007,508979.0
4306056,308908.0
4306072,94741.0
4306106,4609397.0
4306130,144764.0
4306205,533004.0
4306304,229364.0
4306320,148408.0
4306353,57175.0
4306379,267902.0
4306403,2188545.0
4306429,199195.0
4306452,172602.0
4306502,356860.0
4306551,65534.0
4306601,2210948.0
4306700,106596.0
4306734,260797.0
4306759,78891.0
4306767,2120269.0
4306809,1168358.0
4306908,1080949.0
4306924,73214.0
4306932,687578.0
4306957,207517.0
4306973,180479.0
4307005,6882629.0
4307054,265549.0
4307104,253608.0
4307203,150883.0
4307302,353968.0
4307401,392860.0
4307450,116731.0
4307500,1113106.0
4307559,350708.0
4307609,1875498.0
4307708,3749900.0
4307807,2171447.0
4307815,197415.0
4307831,405444.0
4307864,197919.0
4307906,4398457.0
4308003,270106.0
4308052,103166.0
4308078,140824.0
4308102,589355.0
4308201,2538142.0
4308250,103059.0
4308300,227470.0
4308409,302801.0
4308433,58940.0
4308458,564773.0
4308508,1430611.0
4308607,2997969.0
4308656,200967.0
4308706,282773.0
4308805,276374.0
4308854,190648.0
4308904,793664.0
4309001,1202945.0
4309050,461888.0
4309100,2658034.0
4309126,94580.0
4309159,109483.0
4309209,10261656.0
4309258,132788.0
4309308,8284825.0
4309407,1149055.0
4309506,362625.0
4309555,245497.0
4309571,71143.0
4309605,2608198.0
4309654,314488.0
4309704,229249.0
4309753,112227.0
4309803,367295.0
4309902,399693.0
4309951,213522.0
4310009,1722057.0
4310108,1888887.0
4310207,5190405.0
4310306,140570.0
4310330,626823.0
4310363,519190.0
4310405,494166.0
4310413,110557.0
4310439,298583.0
4310462,177629.0
4310504,254492.0
4310538,286659.0
4310553,246287.0
4310579,94235.0
4310603,2186929.0
4310652,86739.0
4310702,81707.0
4310751,71911.0
4310801,1180387.0
4310850,136730.0
4310876,224027.0
4310900,232301.0
4311007,1059396.0
4311106,378020.0
4311122,94042.0
4311130,469006.0
4311155,975410.0
4311205,1925175.0
4311239,68916.0
4311254,154690.0
4311270,157140.0
4311304,1513404.0
4311403,5596183.0
4311429,74875.0
4311502,497629.0
4311601,172443.0
4311627,365850.0
4311643,65579.0
4311700,272824.0
4311718,582043.0
4311734,70214.0
4311759,546972.0
4311775,190484.0
4311791,80817.0
4311809,3060022.0
4311908,167825.0
4311981,104496.0
4312005,72888.0
4312054,124135.0
4312104,169006.0
4312138,168255.0
4312153,180537.0
4312179,88446.0
4312203,161123.0
4312252,279177.0
4312302,190386.0
4312351,98138.0
4312377,109730.0
4312385,94435.0
4312401,5752345.0
4312427,153334.0
4312443,81466.0
4312450,132445.0
4312476,274167.0
4312500,643326.0
4312609,301852.0
4312617,1122086.0
4312625,91988.0
4312658,2207535.0
4312674,146252.0
4312708,525507.0
4312757,236575.0
4312807,327226.0
4312906,802207.0
4312955,145343.0
4313003,141144.0
4313011,229431.0
4313037,172366.0
4313060,805698.0
4313086,100211.0
4313102,382689.0
4313201,972689.0
4313300,1730043.0
4313334,304678.0
4313359,169305.0
4313375,2487522.0
4313391,133172.0
4313409,10037923.0
4313425,186355.0
4313441,74729.0
4313466,75034.0
4313490,135200.0
4313508,1819038.0
4313607,167646.0
4313656,735606.0
4313706,2215057.0
4313805,271643.0
4313904,3167752.0
4313953,533689.0
4314001,424447.0
4314027,207386.0
4314035,136435.0
4314050,1390320.0
4314068,132983.0
4314076,229641.0
4314100,12552867.0
4314134,195870.0
4314159,242458.0
4314175,386190.0
4314209,270651.0
4314308,464212.0
4314407,10778176.0
4314423,386453.0
4314456,123342.0
4314464,304725.0
4314472,931834.0
4314498,131549.0
4314506,397726.0
4314548,74286.0
4314555,94672.0
4314605,880277.0
4314704,252508.0
4314753,131757.0
4314779,403317.0
4314787,96049.0
4314803,1662403.0
4314902,81563063.0
4315008,135662.0
4315057,89350.0
4315073,45212.0
4315107,210927.0
4315131,61420.0
4315149,213813.0
4315156,166517.0
4315172,93263.0
4315206,133443.0
4315305,625752.0
4315313,185963.0
4315321,299304.0
4315354,255121.0
4315404,232904.0
4315453,82687.0
4315503,673423.0
4315552,136486.0
4315602,13282201.0
4315701,1390525.0
4315750,155849.0
4315800,576083.0
4315909,279280.0
4315958,161914.0
4316006,731611.0
4316105,471554.0
4316204,268874.0
4316303,437026.0
4316402,1381976.0
4316428,82616.0
4316436,254248.0
4316451,1213458.0
4316477,178470.0
4316501,337663.0
4316600,843826.0
4316709,1336030.0
4316733,143880.0
4316758,339107.0
4316808,9815201.0
4316907,9562066.0
4316956,279409.0
4316972,361016.0
4317004,364901.0
4317103,2823928.0
4317202,3732053.0
4317251,49851.0
4317301,1755631.0
4317400,2021451.0
4317509,3180273.0
4317558,119797.0
4317608,1680505.0
4317707,673946.0
4317756,189470.0
4317806,848439.0
4317905,784071.0
4317954,128953.0
4318002,2570766.0
4318051,123436.0
4318101,804124.0
4318200,1026518.0
4318309,2723193.0
4318408,667014.0
4318424,184149.0
4318432,104818.0
4318440,133331.0
4318457,93351.0
4318465,59113.0
4318481,117866.0
4318499,183794.0
4318507,792704.0
4318606,463018.0
4318614,94019.0
4318622,155632.0
4318705,10855414.0
4318804,1701071.0
4318903,1903783.0
4319000,1145393.0
4319109,354030.0
4319125,336100.0
4319158,867930.0
4319208,228047.0
4319307,200549.0
4319356,113228.0
4319364,114178.0
4319372,161665.0
4319406,532258.0
4319505,899461.0
4319604,1331321.0
4319703,135541.0
4319711,95576.0
4319737,90430.0
4319752,95748.0
4319802,730555.0
4319901,3615599.0
4320008,4204086.0
4320107,1299139.0
4320206,617245.0
4320230,157535.0
4320263,163088.0
4320305,375174.0
4320321,149060.0
4320354,136267.0
4320404,782303.0
4320453,59572.0
4320503,534503.0
4320552,314768.0
4320578,105652.0
4320602,149414.0
4320651,86631.0
4320677,213482.0
4320701,438644.0
4320800,1405196.0
4320859,142087.0
4320909,1644548.0
4321006,640275.0
4321105,603914.0
4321204,1568880.0
4321303,1094083.0
4321329,188858.0
4321352,124254.0
4321402,579215.0
4321436,291340.0
4321451,1576011.0
4321469,174784.0
4321477,196243.0
4321493,101334.0
4321501,1382107.0
4321600,1234556.0
4321626,78088.0
4321634,141197.0
4321667,308570.0
4321709,805149.0
4321808,1353676.0
4321832,64219.0
4321857,178530.0
4321907,1033034.0
4321956,351371.0
4322004,12982404.0
4322103,259332.0
4322152,120845.0
4322186,94728.0
4322202,2052015.0
4322251,533593.0
4322301,383535.0
4322327,163727.0
4322343,110732.0
4322350,91174.0
4322376,149067.0
4322400,3717113.0
4322509,3245679.0
4322525,130453.0
4322533,272714.0
4322541,198294.0
4322558,94776.0
4322608,3732042.0
4322707,826722.0
4322806,1738706.0
4322855,119440.0
4322905,204582.0
4323002,4335081.0
4323101,126515.0
4323200,295872.0
4323309,297553.0
4323358,168933.0
4323408,389407.0
4323457,195943.0
4323507,137064.0
4323606,85229.0
4323705,103513.0
4323754,159528.0
4323770,264840.0
4323804,733160.0
5000203,1211925.0
5000252,237904.0
5000609,2033695.0
5000708,609913.0
5000807,410374.0
5000856,883913.0
5000906,866590.0
5001003,1660199.0
5001102,1116844.0
5001243,1255601.0
5001508,780114.0
5001904,1055097.0
5002001,603790.0
5002100,931638.0
5002159,332561.0
5002209,1130067.0
5002308,833889.0
5002407,1967108.0
5002605,607830.0
5002704,35187899.0
5002803,174649.0
5002902,712341.0
5002951,2655075.0
5003108,144630.0
5003157,336178.0
5003207,3847165.0
5003256,2556159.0
5003306,1225785.0
5003454,461295.0
5003488,310923.0
5003504,214592.0
5003702,12300149.0
5003751,524691.0
5003801,699103.0
5003900,142133.0
5004007,280101.0
5004106,350228.0
5004304,788191.0
5004403,406133.0
5004502,1124125.0
5004601,1258878.0
5004700,1461628.0
5004809,165050.0
5004908,370994.0
5005004,930098.0
5005103,474840.0
5005152,483743.0
5005202,371028.0
5005251,1097292.0
5005400,4517627.0
5005608,631602.0
5005681,942239.0
5005707,2901635.0
5005806,447265.0
5006002,2282707.0
5006200,3281855.0
5006259,279117.0
5006275,1296594.0
5006309,1587295.0
5006358,286014.0
5006408,268953.0
5006606,4771500.0
5006903,464125.0
5007109,1965364.0
5007208,3298707.0
5007307,130213.0
5007406,601958.0
5007505,231964.0
5007554,467080.0
5007695,2185644.0
5007703,418189.0
5007802,1721432.0
5007901,3327696.0
5007935,1024261.0
5007950,313035.0
5007976,181313.0
5008008,717675.0
5008305,11704743.0
5008404,371816.0
5100102,109140.0
5100201,2000535.0
5100250,2111630.0
5100300,1172814.0
5100359,264000.0
5100409,1197572.0
5100508,166610.0
5100607,1295710.0
5100805,233790.0
5101001,126561.0
5101209,28025.0
5101258,655066.0
5101308,232216.0
5101407,1445988.0
5101605,124583.0
5101704,1568772.0
5101803,2578984.0
5101852,769106.0
5101902,2087054.0
5102504,2264298.0
5102603,437258.0
5102637,6910185.0
5102678,4992842.0
5102686,3302451.0
5102694,267165.0
5102702,2931363.0
5102793,299341.0
5102850,215078.0
5103007,1214478.0
5103056,1068338.0
5103106,297648.0
5103205,1269286.0
5103254,849011.0
5103304,1258117.0
5103353,1536916.0
5103361,143169.0
5103379,324391.0
5103403,29743722.0
5103437,123824.0
5103452,529572.0
5103502,5746756.0
5103601,673289.0
5103700,1044834.0
5103809,83603.0
5103858,1290850.0
5103908,481705.0
5103957,89215.0
5104104,1099092.0
5104203,727107.0
5104500,103576.0
5104526,1924821.0
5104542,721420.0
5104559,418990.0
5104609,2144680.0
5104807,1197725.0
5104906,188752.0
5105002,348767.0
5105101,1365473.0
5105150,1332790.0
5105176,297859.0
5105200,528595.0
5105234,244948.0
5105259,6891172.0
5105309,41158.0
5105507,639027.0
5105580,674525.0
5105606,1282800.0
5105622,835566.0
5105903,1114842.0
5106000,325635.0
5106109,387788.0
5106158,343302.0
5106174,140562.0
5106182,445568.0
5106190,333226.0
5106208,109110.0
5106216,909101.0
5106224,6036492.0
5106232,732047.0
5106240,3270100.0
5106257,1033180.0
5106265,486222.0
5106273,101476.0
5106281,862983.0
5106299,796134.0
5106307,2135755.0
5106315,56622.0
5106372,1575720.0
5106422,918432.0
5106455,231865.0
5106505,709415.0
5106653,123203.0
5106703,31217.0
5106752,2436063.0
5106778,568644.0
5106802,1318753.0
5106828,308567.0
5106851,83532.0
5107008,1077680.0
5107040,6964815.0
5107065,4259261.0
5107107,448462.0
5107156,47446.0
5107180,756776.0
5107198,188968.0
5107206,107188.0
5107248,1032285.0
5107263,161534.0
5107297,58942.0
5107305,1465536.0
5107354,934646.0
5107404,69263.0
5107578,114345.0
5107602,17294386.0
5107701,534979.0
5107743,320546.0
5107750,94294.0
5107768,1236019.0
5107776,300549.0
5107792,1019938.0
5107800,820042.0
5107859,1622830.0
5107875,6978522.0
5107883,75359.0
5107909,9623193.0
5107925,12522102.0
5107941,1319770.0
5107958,5584812.0
5108006,2007623.0
5108055,502243.0
5108105,312770.0
5108204,211334.0
5108303,504202.0
5108352,77128.0
5108402,9916032.0
5108501,1291884.0
5108600,879112.0
5108808,167410.0
5108857,422820.0
5108907,1204704.0
5108956,367193.0
5200050,353748.0
5200100,445369.0
5200134,1051903.0
5200159,48810.0
5200175,533256.0
5200209,63867.0
5200258,2463488.0
5200308,1128156.0
5200506,63743.0
5200555,1280308.0
5200605,297039.0
5200803,173153.0
5200829,109093.0
5200852,91419.0
5200902,118920.0
5201108,17789474.0
5201207,21702.0
5201306,512612.0
5201405,16981188.0
5201454,110094.0
5201504,395754.0
5201603,73510.0
5201702,277756.0
5201801,174344.0
5202155,180146.0
5202353,222600.0
5202502,291985.0
5202601,81585.0
5202809,68067.0
5203104,123257.0
5203203,1573641.0
5203302,1481064.0
5203401,257679.0
5203500,1229697.0
5203559,121159.0
5203575,156648.0
5203609,93847.0
5203807,198125.0
5203906,467748.0
5203939,56930.0
5203962,88916.0
5204003,475971.0
5204102,281720.0
5204201,38880.0
5204250,69505.0
5204300,912901.0
5204409,821715.0
5204508,3001268.0
5204557,84657.0
5204607,72754.0
5204656,110528.0
5204706,333043.0
5204805,846766.0
5204854,165123.0
5204904,315342.0
5204953,56359.0
5205000,488110.0
5205059,91630.0
5205109,9916890.0
5205208,100787.0
5205307,383048.0
5205406,734719.0
5205455,385020.0
5205471,2188780.0
5205497,1006341.0
5205513,436380.0
5205521,70463.0
5205703,74387.0
5205802,260271.0
5205901,709290.0
5206206,4602541.0
5206305,120120.0
5206404,699386.0
5206503,99576.0
5206602,96880.0
5206701,44989.0
5206800,52509.0
5206909,583107.0
5207105,96859.0
5207253,400905.0
5207352,405228.0
5207402,923375.0
5207501,74811.0
5207535,167618.0
5207600,152416.0
5207808,272142.0
5207907,250972.0
5208004,3248097.0
5208103,111687.0
5208152,312545.0
5208301,91720.0
5208400,294420.0
5208509,202210.0
5208608,1888440.0
5208707,59870499.0
5208806,1102805.0
5208905,763779.0
5209101,2169650.0
5209150,169400.0
5209200,347725.0
5209291,52186.0
5209408,86104.0
5209457,64356.0
5209606,83890.0
5209705,1329218.0
5209804,87757.0
5209903,226552.0
5209937,237550.0
5209952,656345.0
5210000,1406365.0
5210109,2429509.0
5210158,69954.0
5210208,876399.0
5210307,71479.0
5210406,1805075.0
5210562,98151.0
5210604,104100.0
5210802,131521.0
5210901,547603.0
5211008,222293.0
5211206,553625.0
5211305,324864.0
5211404,219256.0
5211503,5324712.0
5211602,139635.0
5211701,426843.0
5211800,919843.0
5211909,7997057.0
5212006,83166.0
5212055,39675.0
5212105,342155.0
5212204,693526.0
5212253,51870.0
5212303,343236.0
5212501,5400879.0
5212600,88307.0
5212709,107552.0
5212808,291278.0
5212907,68550.0
5212956,170669.0
5213004,247923.0
5213053,247572.0
5213087,1296753.0
5213103,3288959.0
5213400,53255.0
5213509,120282.0
5213707,498816.0
5213756,1604454.0
5213772,108845.0
5213806,1857571.0
5213855,54837.0
5213905,131845.0
5214002,1025089.0
5214051,180856.0
5214101,86431.0
5214408,276931.0
5214507,1021269.0
5214606,1291841.0
5214705,48893.0
5214804,71042.0
5214838,628584.0
5214861,141181.0
5214879,61477.0
5214903,66589.0
5215009,197285.0
5215207,85247.0
5215231,1154253.0
5215256,160467.0
5215306,938192.0
5215405,150022.0
5215504,765440.0
5215603,1052238.0
5215652,173212.0
5215702,1770858.0
5215801,55764.0
5215900,220066.0
5216007,109643.0
5216304,236712.0
5216403,1559971.0
5216452,708423.0
5216809,178796.0
5216908,192761.0
5217104,1239086.0
5217203,609418.0
5217302,640388.0
5217401,1405175.0
5217609,1453270.0
5217708,717261.0
5218003,1430254.0
5218052,222488.0
5218102,367303.0
5218300,703663.0
5218391,72101.0
5218508,2147676.0
5218607,314517.0
5218706,83234.0
5218789,326141.0
5218805,16307342.0
5218904,565948.0
5219001,217582.0
5219100,154126.0
5219209,295258.0
5219258,260186.0
5219308,1621078.0
5219357,123191.0
5219407,204972.0
5219456,110073.0
5219506,68318.0
5219605,87583.0
5219704,190867.0
5219712,321015.0
5219738,154853.0
5219753,825809.0
5219803,206273.0
5219902,130603.0
5220009,570027.0
5220058,139629.0
5220108,1486992.0
5220157,137418.0
5220207,691659.0
5220264,316743.0
5220280,53464.0
5220405,1432951.0
5220454,4765630.0
5220504,652613.0
5220603,1315612.0
5220686,173337.0
5220702,75928.0
5221007,89317.0
5221080,39136.0
5221197,211092.0
5221304,63881.0
5221403,2666874.0
5221452,70143.0
5221502,204402.0
5221551,566499.0
5221577,77435.0
5221601,1299993.0
5221700,294394.0
5221809,164818.0
5221858,2964938.0
5221908,105105.0
5222005,858016.0
5222054,480210.0
5222203,179924.0
5222302,308035.0
5300108,286943782.0
